,1960,1961,1962,1963,1964,1965,1966,1967,1968,1969,1970,1971,1972,1973,1974,1975,1976,1977,1978,1979,1980,1981,1982,1983,1984,1985,1986,1987,1988,1989,1990,1991,1992,1993,1994,1995,1996,1997,1998,1999,2000,2001,2002,2003,2004,2005,2006,2007,2008,2009,2010,2011,2012,2013,2014
Aruba,4.82,4.655,4.471,4.271,4.059,3.842,3.625,3.417,3.226,3.054,2.908,2.788,2.691,2.613,2.552,2.506,2.472,2.446,2.425,2.408,2.392,2.377,2.364,2.353,2.342,2.332,2.32,2.307,2.291,2.272,2.249,2.221,2.187,2.149,2.108,2.064,2.021,1.979,1.94,1.905,1.874,1.848,1.825,1.805,1.786,1.77,1.754,1.741,1.728,1.716,1.704,1.692,1.68,1.669,1.657
Andorra,,,,,,,,,,,,,,,,,,,,,,,,,,,,,,,,,,,,,,,,,,,,,,,1.24,1.18,1.25,1.19,1.27,,,,
Afghanistan,7.45,7.45,7.45,7.45,7.45,7.45,7.45,7.45,7.45,7.45,7.45,7.45,7.45,7.45,7.45,7.45,7.45,7.449,7.449,7.449,7.449,7.449,7.45,7.452,7.455,7.458,7.46,7.461,7.461,7.461,7.466,7.479,7.502,7.535,7.572,7.606,7.63,7.636,7.617,7.571,7.496,7.395,7.273,7.137,6.987,6.822,6.639,6.437,6.218,5.985,5.746,5.506,5.272,5.05,4.843
Angola,7.379,7.388,7.396,7.402,7.406,7.408,7.406,7.401,7.394,7.385,7.375,7.367,7.36,7.355,7.352,7.35,7.349,7.347,7.343,7.337,7.329,7.319,7.309,7.299,7.289,7.279,7.268,7.256,7.242,7.226,7.208,7.187,7.164,7.139,7.112,7.083,7.051,7.017,6.981,6.943,6.905,6.866,6.829,6.792,6.755,6.716,6.671,6.619,6.559,6.492,6.416,6.335,6.251,6.165,6.08
Albania,6.489,6.401,6.282,6.133,5.96,5.773,5.581,5.394,5.218,5.057,4.91,4.775,4.642,4.509,4.373,4.235,4.099,3.966,3.841,3.725,3.621,3.53,3.452,3.383,3.323,3.269,3.217,3.164,3.108,3.046,2.978,2.905,2.829,2.751,2.672,2.591,2.508,2.423,2.337,2.249,2.16,2.068,1.975,1.884,1.798,1.724,1.668,1.635,1.625,1.636,1.663,1.699,1.735,1.765,1.784
Arab World,6.9240112552385,6.94610045153773,6.96426500552045,6.97588078049904,6.97899758257914,6.97238024580029,6.95409900390056,6.92585279204632,6.88904710672902,6.84432711625492,6.79457058398361,6.74275702316561,6.6926169853669,6.64526081226054,6.60160830295389,6.56179051189257,6.52377893396466,6.48407466612086,6.43928873140372,6.38767156402657,6.32695881246635,6.25713088154182,6.17758165554429,6.08949668336058,5.99190821418639,5.88353854979181,5.76130177822977,5.62789352555739,5.48492704582595,5.33483209570477,5.18563086095649,5.03283243019053,4.90249860038692,4.74141408049196,4.57933677302795,4.41082976464137,4.26591576093282,4.1304572221786,4.00376340408391,3.88851233905942,3.79122398951199,3.70544806400397,3.63147492540832,3.57325596831153,3.52244263702108,3.48520187086675,3.4583736288397,3.44308440153413,3.43693315361456,3.43506402556287,3.43702285830269,3.43432010989388,3.42534509412474,3.40530020283187,3.37487048589565
United Arab Emirates,6.928,6.91,6.893,6.877,6.861,6.841,6.816,6.783,6.738,6.679,6.605,6.512,6.402,6.279,6.146,6.009,5.873,5.744,5.624,5.517,5.423,5.344,5.274,5.209,5.141,5.065,4.973,4.86,4.724,4.566,4.388,4.193,3.989,3.784,3.583,3.393,3.215,3.052,2.902,2.766,2.644,2.532,2.428,2.329,2.236,2.149,2.071,2.004,1.948,1.903,1.868,1.841,1.82,1.801,1.784
Argentina,3.109,3.1,3.089,3.078,3.068,3.058,3.051,3.048,3.049,3.056,3.073,3.104,3.148,3.203,3.264,3.321,3.366,3.391,3.391,3.368,3.325,3.27,3.213,3.163,3.123,3.093,3.073,3.056,3.037,3.016,2.989,2.954,2.913,2.866,2.815,2.762,2.711,2.664,2.623,2.589,2.561,2.537,2.516,2.495,2.474,2.452,2.432,2.413,2.396,2.382,2.37,2.358,2.347,2.335,2.322
Armenia,4.55,4.512,4.435,4.317,4.161,3.979,3.788,3.606,3.447,3.314,3.208,3.118,3.032,2.942,2.846,2.745,2.646,2.555,2.479,2.421,2.385,2.373,2.381,2.406,2.441,2.481,2.519,2.549,2.566,2.565,2.538,2.482,2.399,2.295,2.176,2.053,1.938,1.838,1.762,1.712,1.688,1.687,1.698,1.714,1.729,1.737,1.736,1.726,1.707,1.68,1.648,1.613,1.581,1.553,1.531
American Samoa,,,,,,,,,,,,,,,,,,,,,,,,,,,,,,,,,,,,,,,,,,,,,,,,,,,,,,,
Antigua and Barbuda,4.425,4.386,4.344,4.299,4.25,4.193,4.125,4.042,3.942,3.824,3.684,3.517,3.328,3.122,2.908,2.701,2.514,2.358,2.239,2.159,2.115,2.098,2.096,2.098,2.098,2.092,2.082,2.07,2.062,2.058,2.061,2.073,2.096,2.128,2.166,2.208,2.248,2.281,2.304,2.316,2.316,2.305,2.288,2.268,2.246,2.224,2.203,2.183,2.164,2.146,2.13,2.115,2.102,2.088,2.075
Australia,3.453,3.54,3.442,3.332,3.146,2.977,2.881,2.848,2.888,2.886,2.859,2.961,2.744,2.491,2.397,2.148,2.06,2.007,1.949,1.907,1.891,1.935,1.929,1.924,1.84,1.923,1.868,1.845,1.831,1.838,1.902,1.849,1.888,1.859,1.842,1.822,1.796,1.778,1.762,1.755,1.756,1.739,1.756,1.748,1.768,1.807,1.908,1.959,1.984,1.971,1.928,1.927,1.921,1.859,1.859
Austria,2.69,2.78,2.8,2.82,2.79,2.7,2.66,2.62,2.58,2.49,2.29,2.2,2.08,1.94,1.91,1.83,1.69,1.63,1.6,1.6,1.65,1.67,1.66,1.56,1.52,1.47,1.45,1.43,1.45,1.45,1.46,1.51,1.51,1.5,1.47,1.42,1.45,1.39,1.37,1.34,1.36,1.33,1.39,1.38,1.42,1.41,1.41,1.38,1.42,1.39,1.44,1.43,1.44,1.44,1.44
Azerbaijan,5.571,5.596,5.591,5.549,5.468,5.352,5.21,5.056,4.901,4.753,4.612,4.479,4.348,4.216,4.084,3.95,3.814,3.676,3.539,3.407,3.286,3.179,3.092,3.026,2.98,2.91,2.9,2.9026,2.8,2.8,2.74,2.87,2.74,2.7,2.52,2.29,2.06,2.07,2,2.07,2,1.8,1.8,1.9,2.0535,2,1.97,1.97,1.9,1.82,1.92,1.96,2,2,2
Burundi,6.953,6.998,7.045,7.092,7.138,7.179,7.216,7.247,7.272,7.293,7.311,7.329,7.348,7.37,7.395,7.419,7.439,7.452,7.457,7.455,7.45,7.449,7.454,7.469,7.492,7.52,7.546,7.565,7.572,7.564,7.542,7.508,7.465,7.418,7.368,7.318,7.267,7.217,7.165,7.112,7.057,7,6.939,6.873,6.803,6.729,6.649,6.566,6.48,6.391,6.302,6.212,6.123,6.035,5.948
Belgium,2.54,2.63,2.59,2.68,2.71,2.61,2.52,2.41,2.31,2.27,2.25,2.21,2.09,1.95,1.83,1.74,1.73,1.71,1.69,1.69,1.68,1.66,1.61,1.57,1.54,1.51,1.54,1.54,1.57,1.58,1.62,1.66,1.65,1.61,1.56,1.56,1.59,1.6,1.6,1.62,1.67,1.67,1.65,1.67,1.72,1.76,1.8,1.82,1.85,1.84,1.86,1.81,1.79,1.75,1.75
Benin,6.282,6.339,6.394,6.447,6.497,6.544,6.588,6.63,6.671,6.71,6.748,6.786,6.823,6.86,6.896,6.929,6.959,6.984,7.004,7.018,7.025,7.025,7.021,7.01,6.994,6.972,6.942,6.904,6.858,6.805,6.744,6.677,6.603,6.526,6.446,6.365,6.284,6.205,6.128,6.051,5.975,5.898,5.818,5.733,5.645,5.553,5.459,5.365,5.272,5.182,5.094,5.009,4.927,4.846,4.766
Burkina Faso,6.291,6.316,6.344,6.377,6.414,6.454,6.493,6.53,6.563,6.593,6.623,6.657,6.697,6.744,6.799,6.859,6.922,6.984,7.041,7.09,7.127,7.152,7.165,7.167,7.159,7.142,7.119,7.092,7.064,7.036,7.007,6.979,6.95,6.917,6.882,6.844,6.801,6.754,6.704,6.65,6.592,6.531,6.468,6.403,6.335,6.265,6.192,6.116,6.036,5.953,5.867,5.78,5.693,5.607,5.521
Bangladesh,6.725,6.761,6.794,6.825,6.853,6.878,6.901,6.92,6.935,6.945,6.947,6.942,6.928,6.904,6.869,6.821,6.758,6.681,6.59,6.483,6.359,6.217,6.058,5.884,5.698,5.501,5.298,5.092,4.887,4.686,4.494,4.314,4.146,3.99,3.846,3.713,3.592,3.479,3.372,3.269,3.169,3.069,2.971,2.874,2.779,2.687,2.6,2.521,2.449,2.387,2.332,2.286,2.245,2.209,2.175
Bulgaria,2.31,2.29,2.24,2.21,2.19,2.09,2.03,2.02,2.27,2.27,2.17,2.1,2.03,2.15,2.29,2.23,2.24,2.21,2.15,2.16,2.05,2,2.01,2.01,2.01,1.97,2.02,1.96,1.97,1.9,1.82,1.66,1.55,1.46,1.37,1.23,1.23,1.09,1.11,1.23,1.26,1.21,1.21,1.23,1.29,1.32,1.38,1.49,1.56,1.66,1.57,1.51,1.5,1.48,1.48
Bahrain,7.09,7.132,7.168,7.19,7.192,7.165,7.101,6.998,6.86,6.69,6.498,6.293,6.089,5.895,5.716,5.556,5.414,5.283,5.157,5.036,4.917,4.802,4.69,4.581,4.472,4.362,4.248,4.128,4.002,3.872,3.738,3.601,3.466,3.335,3.212,3.1,3.005,2.926,2.862,2.81,2.765,2.718,2.665,2.602,2.529,2.449,2.367,2.292,2.229,2.179,2.142,2.115,2.095,2.075,2.056
"Bahamas, The",4.495,4.496,4.45,4.356,4.22,4.057,3.893,3.75,3.641,3.571,3.531,3.504,3.469,3.411,3.33,3.234,3.139,3.062,3.012,2.99,2.989,2.994,2.989,2.965,2.919,2.857,2.789,2.728,2.683,2.654,2.639,2.631,2.621,2.601,2.566,2.514,2.443,2.357,2.263,2.165,2.071,1.989,1.924,1.88,1.857,1.853,1.862,1.877,1.891,1.901,1.904,1.9,1.893,1.883,1.872
Bosnia and Herzegovina,3.77,3.72,3.665,3.599,3.517,3.422,3.318,3.214,3.115,3.023,2.935,2.845,2.75,2.648,2.542,2.436,2.34,2.259,2.198,2.156,2.13,2.115,2.103,2.086,2.062,2.027,1.982,1.931,1.876,1.82,1.767,1.724,1.692,1.671,1.659,1.648,1.63,1.598,1.55,1.486,1.413,1.342,1.282,1.242,1.221,1.22,1.234,1.253,1.27,1.283,1.288,1.286,1.28,1.272,1.263
Belarus,2.67,2.59,2.5,2.4,2.31,2.27,2.29,2.26,2.22,2.26,2.31,2.31,2.28,2.25,2.21,2.17,2.12,2.08,2.06,2.05,2.03,2.02,2.05,2.11,2.11,2.09,2.09,2.03,2.04,2.03,1.91,1.8,1.75,1.61,1.51,1.386,1.31,1.23,1.27,1.31,1.31,1.27,1.22,1.21,1.2,1.21,1.287,1.37,1.42,1.42,1.44,1.51,1.62,1.62,1.62
Belize,6.5,6.48,6.46,6.44,6.42,6.4,6.379,6.358,6.337,6.316,6.299,6.288,6.284,6.285,6.286,6.278,6.25,6.195,6.109,5.992,5.849,5.684,5.51,5.336,5.17,5.019,4.886,4.771,4.671,4.584,4.508,4.436,4.363,4.286,4.201,4.109,4.01,3.908,3.805,3.703,3.6,3.496,3.39,3.282,3.175,3.072,2.977,2.893,2.821,2.762,2.714,2.676,2.643,2.611,2.579
Bermuda,,,,,,,,,,,,,,,,,,,,,,,,,,,,,,,,,,,,1.8,,,,,1.74,1.75,1.77,1.8,1.78,1.76,1.76,1.76,1.77,1.76,1.76,1.59,1.59,1.63,1.63
Bolivia,6.7,6.668,6.633,6.597,6.559,6.519,6.477,6.432,6.384,6.335,6.284,6.233,6.182,6.132,6.081,6.029,5.975,5.917,5.855,5.787,5.715,5.637,5.556,5.472,5.386,5.3,5.215,5.132,5.051,4.971,4.894,4.817,4.741,4.664,4.585,4.503,4.418,4.331,4.241,4.148,4.055,3.96,3.866,3.773,3.683,3.595,3.51,3.427,3.348,3.271,3.2,3.133,3.073,3.017,2.968
Brazil,6.21,6.19,6.143,6.063,5.953,5.815,5.658,5.491,5.326,5.168,5.024,4.896,4.782,4.679,4.585,4.499,4.418,4.339,4.256,4.169,4.073,3.966,3.848,3.721,3.587,3.449,3.308,3.17,3.039,2.917,2.809,2.717,2.643,2.583,2.537,2.502,2.474,2.451,2.427,2.399,2.364,2.318,2.264,2.202,2.135,2.066,2.002,1.944,1.898,1.863,1.838,1.823,1.812,1.801,1.79
Barbados,4.333,4.313,4.269,4.196,4.094,3.963,3.807,3.637,3.46,3.284,3.113,2.949,2.794,2.648,2.513,2.393,2.288,2.198,2.121,2.057,2.004,1.96,1.922,1.889,1.858,1.83,1.805,1.782,1.765,1.75,1.74,1.733,1.729,1.728,1.729,1.73,1.733,1.736,1.739,1.742,1.744,1.746,1.749,1.752,1.755,1.759,1.763,1.768,1.772,1.777,1.781,1.785,1.788,1.791,1.794
Brunei Darussalam,6.487,6.487,6.448,6.36,6.227,6.068,5.918,5.804,5.742,5.731,5.751,5.771,5.758,5.687,5.555,5.365,5.132,4.884,4.645,4.429,4.246,4.103,3.992,3.906,3.843,3.794,3.755,3.715,3.668,3.608,3.532,3.438,3.329,3.209,3.08,2.946,2.806,2.664,2.526,2.395,2.278,2.181,2.105,2.049,2.013,1.994,1.986,1.982,1.977,1.968,1.953,1.934,1.913,1.893,1.874
Bhutan,6.67,6.67,6.67,6.67,6.67,6.67,6.67,6.67,6.67,6.67,6.671,6.674,6.679,6.685,6.69,6.692,6.685,6.668,6.64,6.601,6.553,6.504,6.456,6.41,6.362,6.306,6.23,6.127,5.994,5.829,5.639,5.431,5.216,5.003,4.796,4.597,4.4,4.203,4.002,3.801,3.604,3.417,3.247,3.095,2.962,2.844,2.738,2.636,2.534,2.431,2.331,2.236,2.152,2.082,2.027
Botswana,6.615,6.632,6.649,6.666,6.681,6.693,6.698,6.696,6.686,6.667,6.641,6.611,6.579,6.546,6.512,6.477,6.44,6.399,6.35,6.291,6.217,6.125,6.012,5.88,5.731,5.567,5.393,5.214,5.036,4.863,4.698,4.542,4.394,4.252,4.117,3.989,3.866,3.746,3.631,3.519,3.413,3.312,3.219,3.134,3.06,2.998,2.952,2.921,2.903,2.895,2.893,2.89,2.881,2.864,2.836
Central African Republic,5.84,5.867,5.891,5.91,5.925,5.937,5.945,5.95,5.953,5.954,5.954,5.954,5.953,5.952,5.951,5.95,5.951,5.952,5.953,5.954,5.954,5.955,5.956,5.955,5.952,5.944,5.927,5.902,5.868,5.826,5.78,5.734,5.691,5.653,5.622,5.596,5.573,5.55,5.522,5.488,5.446,5.393,5.329,5.257,5.176,5.089,4.996,4.902,4.807,4.714,4.624,4.537,4.451,4.368,4.286
Canada,3.811,3.753,3.681,3.607,3.456,3.115,2.749,2.528,2.386,2.334,2.258,2.141,1.98,1.89,1.837,1.824,1.796,1.782,1.768,1.754,1.74,1.7,1.69,1.68,1.65,1.67,1.675,1.68,1.68,1.77,1.83,1.7,1.71,1.7,1.6695,1.639,1.592,1.55,1.53,1.51,1.49,1.505,1.52,1.53,1.53,1.54,1.5862,1.6589,1.6808,1.668,1.6269,1.61,1.61,1.61,1.61
Central Europe and the Baltics,2.49891719956719,2.40268598847207,2.31137778329015,2.31632696317018,2.2615261938973,2.20175599649809,2.12192186833828,2.47413912139699,2.45586901180014,2.35757378498202,2.29031565420435,2.25977180690426,2.23415449164521,2.24734962712769,2.36532047109903,2.34024303958751,2.32547070381155,2.28738691723639,2.2510956123421,2.25669814132498,2.19959012684188,2.15564926422033,2.14088115138887,2.14371131500948,2.16432968987733,2.16222962902982,2.13764554436477,2.09685375515538,2.07760218406886,2.01771658270962,1.93101943205665,1.85623912895499,1.75146111793174,1.67098939718683,1.59016621241245,1.46886873142189,1.429212803985,1.38173276489037,1.33847215813743,1.31152823926533,1.31769702784364,1.27572029376645,1.25211950176365,1.2490034522918,1.27375989149421,1.30927995419495,1.33789459830991,1.38113331310186,1.46621365030044,1.49028348950329,1.46504318299051,1.39596396028209,1.41543412925669,1.37813213196902,1.37780720780116
Switzerland,2.44,2.52,2.58,2.65,2.66,2.59,2.5,2.39,2.29,2.19,2.1,2.04,1.91,1.81,1.73,1.61,1.55,1.53,1.51,1.52,1.55,1.55,1.56,1.52,1.53,1.52,1.53,1.52,1.57,1.56,1.58,1.58,1.58,1.51,1.49,1.48,1.5,1.48,1.47,1.48,1.5,1.38,1.39,1.39,1.42,1.42,1.44,1.46,1.48,1.5,1.52,1.52,1.52,1.52,1.52
Channel Islands,2.421,2.481,2.525,2.55,2.551,2.526,2.475,2.404,2.318,2.222,2.121,2.019,1.918,1.822,1.735,1.659,1.596,1.546,1.505,1.475,1.454,1.441,1.434,1.433,1.434,1.437,1.441,1.446,1.452,1.457,1.46,1.461,1.457,1.45,1.441,1.43,1.42,1.411,1.405,1.402,1.402,1.404,1.408,1.411,1.413,1.415,1.417,1.42,1.424,1.43,1.436,1.444,1.451,1.459,1.466
Chile,5.113,5.066,5.009,4.94,4.859,4.763,4.648,4.514,4.363,4.197,4.021,3.842,3.665,3.496,3.341,3.201,3.08,2.976,2.886,2.81,2.749,2.703,2.67,2.649,2.634,2.622,2.61,2.593,2.57,2.539,2.501,2.456,2.407,2.358,2.311,2.265,2.222,2.181,2.143,2.107,2.073,2.042,2.013,1.986,1.959,1.934,1.91,1.887,1.865,1.844,1.824,1.806,1.789,1.774,1.761
China,5.754,5.904,6.061,6.206,6.32,6.385,6.384,6.317,6.184,5.986,5.725,5.403,5.036,4.644,4.245,3.861,3.51,3.202,2.945,2.747,2.613,2.546,2.533,2.556,2.602,2.65,2.678,2.676,2.634,2.551,2.428,2.276,2.111,1.952,1.806,1.684,1.59,1.522,1.477,1.453,1.447,1.455,1.469,1.486,1.502,1.513,1.521,1.526,1.531,1.535,1.539,1.544,1.549,1.555,1.562
Cote d'Ivoire,7.351,7.427,7.501,7.572,7.639,7.701,7.757,7.806,7.849,7.883,7.908,7.927,7.937,7.94,7.934,7.916,7.882,7.832,7.765,7.683,7.59,7.488,7.383,7.278,7.176,7.078,6.984,6.892,6.801,6.71,6.622,6.536,6.454,6.374,6.298,6.224,6.152,6.08,6.008,5.935,5.861,5.788,5.716,5.645,5.577,5.512,5.45,5.392,5.337,5.283,5.231,5.177,5.121,5.063,5.001
Cameroon,5.647,5.705,5.766,5.828,5.89,5.949,6.005,6.058,6.11,6.159,6.205,6.247,6.286,6.322,6.356,6.391,6.429,6.47,6.516,6.563,6.609,6.651,6.683,6.703,6.708,6.697,6.669,6.627,6.572,6.508,6.434,6.352,6.264,6.173,6.08,5.989,5.903,5.823,5.749,5.682,5.621,5.567,5.515,5.464,5.413,5.358,5.299,5.235,5.166,5.093,5.017,4.938,4.859,4.781,4.704
"Congo, Rep.",5.88,5.921,5.965,6.008,6.052,6.094,6.136,6.177,6.216,6.253,6.288,6.319,6.347,6.369,6.384,6.389,6.382,6.36,6.324,6.273,6.21,6.134,6.05,5.959,5.866,5.773,5.681,5.59,5.503,5.422,5.349,5.286,5.235,5.194,5.163,5.142,5.128,5.121,5.116,5.113,5.109,5.105,5.101,5.096,5.089,5.081,5.072,5.063,5.052,5.038,5.02,4.994,4.961,4.919,4.869
Colombia,6.807,6.801,6.779,6.736,6.668,6.567,6.425,6.246,6.034,5.797,5.548,5.3,5.067,4.857,4.675,4.523,4.396,4.284,4.177,4.071,3.965,3.855,3.744,3.634,3.526,3.42,3.32,3.227,3.142,3.065,2.994,2.927,2.86,2.794,2.727,2.66,2.596,2.535,2.481,2.432,2.389,2.349,2.311,2.274,2.236,2.197,2.157,2.118,2.08,2.044,2.01,1.978,1.948,1.922,1.897
Comoros,6.792,6.849,6.897,6.939,6.975,7.004,7.027,7.044,7.055,7.06,7.061,7.06,7.058,7.055,7.052,7.052,7.055,7.061,7.069,7.075,7.078,7.072,7.056,7.026,6.982,6.921,6.842,6.749,6.644,6.531,6.412,6.291,6.171,6.053,5.941,5.835,5.736,5.642,5.552,5.466,5.384,5.307,5.235,5.167,5.103,5.042,4.984,4.927,4.87,4.813,4.755,4.693,4.628,4.56,4.49
Cabo Verde,6.885,6.922,6.953,6.976,6.989,6.993,6.99,6.982,6.97,6.954,6.935,6.913,6.887,6.855,6.818,6.771,6.714,6.645,6.564,6.473,6.375,6.274,6.174,6.075,5.979,5.883,5.784,5.68,5.565,5.441,5.307,5.165,5.018,4.866,4.713,4.554,4.389,4.216,4.036,3.852,3.666,3.484,3.309,3.147,3,2.87,2.759,2.665,2.586,2.52,2.464,2.417,2.376,2.339,2.303
Costa Rica,6.451,6.405,6.322,6.201,6.044,5.853,5.63,5.383,5.123,4.861,4.611,4.385,4.188,4.026,3.898,3.805,3.741,3.695,3.657,3.622,3.588,3.552,3.517,3.482,3.448,3.411,3.371,3.328,3.281,3.229,3.172,3.11,3.044,2.973,2.899,2.821,2.737,2.649,2.557,2.463,2.373,2.29,2.216,2.155,2.105,2.065,2.034,2.006,1.979,1.951,1.922,1.893,1.866,1.841,1.819
Caribbean small states,5.52010293883625,5.53257872829705,5.52302044416138,5.4913219577916,5.43851089680346,5.36673418004934,5.27606088209146,5.17165895248444,5.05879548397238,4.94165954639633,4.82249363950257,4.69875751137387,4.56966220831374,4.43592163989008,4.29843384729828,4.16255924811273,4.03787880291068,3.92439168824405,3.82471249772301,3.74030774447743,3.66766879571059,3.60247166919413,3.53808126118301,3.47069037238979,3.39809217969321,3.31958633707099,3.23764817900822,3.15583460178531,3.07769816000343,3.00370696274805,2.9361421232796,2.87191206840259,2.81327247127512,2.7586592514507,2.7074071719216,2.65804994191992,2.61176222816704,2.56584354797517,2.52045280827249,2.4759882351321,2.43296842642179,2.39317632998342,2.35696900013628,2.32481224073492,2.29625493621658,2.27159950358899,2.24962960154402,2.22844165639279,2.206880455494,2.18461543701078,2.1613576448036,2.13878585467875,2.11692018291995,2.09618927437672,2.0768111857922
Cuba,4.182,4.36,4.509,4.606,4.643,4.617,4.54,4.433,4.312,4.18,4.033,3.857,3.646,3.4,3.127,2.844,2.573,2.332,2.134,1.987,1.892,1.843,1.826,1.825,1.832,1.837,1.836,1.826,1.809,1.782,1.75,1.714,1.682,1.657,1.641,1.634,1.633,1.635,1.638,1.641,1.642,1.641,1.64,1.639,1.638,1.637,1.636,1.636,1.636,1.636,1.635,1.632,1.628,1.622,1.615
Curacao,,,,,,,,,,,,,,,,,,,,,,,,,,,,,,,,,,,,,,,,,,,,,,,2.1,2,2.2,2.1,2.2,2.1,2.2,2.1,2
Cayman Islands,,,,,,,,,,,,,,,,,,,,,,,,,,,,,,,,,,,,,,,,,,,,,,,,,,,,,,,
Cyprus,3.5,3.471,3.421,3.346,3.249,3.133,3.01,2.889,2.779,2.686,2.61,2.547,2.491,2.44,2.393,2.352,2.323,2.31,2.312,2.328,2.354,2.385,2.415,2.438,2.453,2.458,2.456,2.45,2.442,2.43,2.411,2.381,2.337,2.278,2.206,2.124,2.035,1.945,1.86,1.781,1.714,1.658,1.613,1.577,1.549,1.529,1.514,1.504,1.496,1.489,1.481,1.473,1.464,1.455,1.446
Czech Republic,2.09,2.11,2.12,2.31,2.34,2.18,2.02,1.91,1.84,1.87,1.92,2,2.09,2.31,2.46,2.43,2.39,2.34,2.33,2.27,2.08,2,2,1.97,1.97,1.95,1.92,1.91,1.94,1.87,1.9,1.86,1.71,1.67,1.44,1.28,1.18,1.17,1.16,1.13,1.15,1.15,1.17,1.18,1.23,1.29,1.34,1.45,1.51,1.51,1.51,1.43,1.45,1.46,1.46
Germany,2.37,2.45,2.44,2.51,2.54,2.5,2.53,2.48,2.38,2.21,2.03,1.92,1.71,1.54,1.51,1.45,1.45,1.4,1.38,1.38,1.44,1.43,1.41,1.33,1.29,1.37,1.43,1.43,1.46,1.42,1.45,1.33,1.29,1.28,1.24,1.25,1.3,1.35,1.36,1.36,1.38,1.35,1.34,1.34,1.36,1.34,1.33,1.37,1.38,1.36,1.39,1.36,1.38,1.39,1.39
Djibouti,6.461,6.493,6.527,6.561,6.595,6.629,6.665,6.702,6.739,6.774,6.804,6.826,6.836,6.834,6.817,6.784,6.734,6.671,6.598,6.52,6.443,6.373,6.316,6.271,6.239,6.218,6.205,6.193,6.174,6.142,6.087,6,5.879,5.727,5.549,5.352,5.15,4.953,4.772,4.611,4.472,4.353,4.244,4.14,4.038,3.938,3.839,3.744,3.653,3.567,3.484,3.406,3.332,3.262,3.195
Dominica,,,,,,,,,,,,,5.5,,,,,,,,,,3.52,,,,,3,,,,,2.5,,,,,1.9,,,,,1.9,1.9,,,,,,,,,,,
Denmark,2.57,2.55,2.55,2.67,2.6,2.61,2.62,2.35,2.12,2,1.95,2.04,2.03,1.92,1.9,1.92,1.75,1.66,1.67,1.6,1.55,1.44,1.43,1.38,1.4,1.45,1.48,1.5,1.56,1.62,1.67,1.68,1.76,1.75,1.81,1.8,1.75,1.75,1.72,1.73,1.77,1.74,1.72,1.76,1.78,1.8,1.85,1.84,1.89,1.84,1.87,1.75,1.73,1.67,1.67
Dominican Republic,7.555,7.487,7.404,7.303,7.186,7.053,6.903,6.738,6.561,6.375,6.182,5.983,5.781,5.58,5.382,5.193,5.014,4.847,4.693,4.552,4.422,4.303,4.19,4.082,3.978,3.878,3.783,3.694,3.612,3.537,3.465,3.397,3.329,3.262,3.195,3.13,3.069,3.014,2.966,2.926,2.892,2.862,2.835,2.807,2.779,2.749,2.718,2.687,2.656,2.627,2.597,2.568,2.539,2.51,2.48
Algeria,7.524,7.573,7.614,7.646,7.665,7.675,7.676,7.672,7.666,7.656,7.643,7.624,7.597,7.558,7.505,7.434,7.344,7.234,7.105,6.957,6.794,6.617,6.43,6.237,6.038,5.835,5.627,5.412,5.191,4.962,4.726,4.479,4.223,3.962,3.702,3.448,3.208,2.988,2.796,2.635,2.514,2.438,2.404,2.407,2.441,2.499,2.576,2.661,2.744,2.818,2.873,2.903,2.909,2.893,2.857
East Asia & Pacific (developing only),5.82369364629829,5.92993035645083,6.03860028912701,6.13801624671429,6.21544337939337,6.25825211379234,6.25185465262655,6.19639694261709,6.08990845954258,5.93176441380487,5.72252944407176,5.4638715405207,5.16811053963043,4.85108229489906,4.5268872421429,4.21245700587419,3.92052457385091,3.66036731022668,3.43783082451449,3.25878410577735,3.12715019061685,3.04372225836332,2.99887576080244,2.97996863286121,2.97846808927495,2.97894534128958,2.96587438445321,2.932692496368,2.87272418015293,2.78542407567378,2.67122656795349,2.53877995995021,2.39781270377899,2.2617858517594,2.13632853793554,2.02981365549825,1.94355494143141,1.87885826738227,1.83347793197518,1.80488885572274,1.79052945340066,1.78774720695096,1.79013040461641,1.79542120487957,1.80056421957238,1.80273817170887,1.80453687495948,1.80456167470718,1.80517533121386,1.80586785791739,1.80706890169466,1.80872742957248,1.81020145682932,1.81208860476799,1.81422910334027
East Asia & Pacific (all income levels),5.39430529414956,5.47178586374103,5.54754303075552,5.62375789023187,5.68351350537487,5.72396732954051,5.65442568421655,5.65600667426675,5.58335895644834,5.44951569912936,5.27600630840994,5.06499730558926,4.80173429558755,4.53129415440599,4.23687859295045,3.9429074037951,3.67776170874814,3.45017780373304,3.24884080308414,3.10098835636898,2.98496197283909,2.90731339968097,2.86811720895626,2.84721157172177,2.83950724538876,2.83714732451155,2.82150586000601,2.79048744872462,2.73798821849877,2.65514377134475,2.55396942274144,2.43895626917185,2.31412202458948,2.18768604582569,2.07860328920266,1.97797980056611,1.8993265019165,1.83785096678294,1.79461065789507,1.76611282317035,1.75690481730378,1.74798048892783,1.74706002175295,1.75104285122939,1.75613096812902,1.75599038716547,1.76316075802766,1.76832768993391,1.76967675146224,1.76931552856431,1.77306503636803,1.77542348694711,1.77947305280446,1.7783169590533,1.78071185938363
Europe & Central Asia (developing only),3.70663999275808,3.6078087274824,3.61613018574999,3.56534331356367,3.50062482276984,3.47061297554913,3.44828560802656,3.63249787543112,3.61131371709267,3.55120021015201,3.50994482659021,3.42156439382521,3.41632136013937,3.36915038671127,3.37250942684115,3.31008637971668,3.25242342985907,3.19787061215425,3.15460164671943,3.11535858601752,3.05919929084533,2.98441422999094,2.985631441685,2.97495228143915,2.97153823117257,2.93622012629979,2.92540904341217,2.89301116520643,2.82675460775311,2.73432056807609,2.62230782078908,2.53030203934543,2.46491344708022,2.36060872355972,2.27236603428767,2.20506933366067,2.13635183351359,2.05126254852485,1.99812242140762,1.95198361492355,1.90925076583438,1.87445669359897,1.88172525576716,1.87437205933457,1.90827114877876,1.89073762591805,1.92626709948152,1.96608020468109,2.0248352706213,2.01245475198132,1.98984447730896,1.98109375672183,2.0061849003732,1.98999038859937,1.98192886770182
Europe & Central Asia (all income levels),2.83674109422511,2.82256740529241,2.8014060169278,2.79464683995481,2.78297207828128,2.73459259661549,2.70128517932806,2.70643856480709,2.65457002550864,2.60016953387756,2.55326858619186,2.53289022926768,2.47019309345002,2.40673886991489,2.39382226751421,2.33972149458296,2.30094305541443,2.2462748831526,2.21066675623469,2.18715189322258,2.16022379885435,2.12685129391575,2.13433602558546,2.12455090841279,2.09991581307995,2.08724482550141,2.0938999781654,2.08940926569809,2.05921665996982,1.99861715077897,1.95499554332685,1.89068957652822,1.81876578419,1.74087752317308,1.6977478725103,1.6541785969515,1.62129175188223,1.59475373150835,1.57241344110011,1.54691570590286,1.55825892080901,1.54606535874518,1.55581997351103,1.56519471945044,1.59314558120681,1.58580362067379,1.61524483773641,1.65949717702952,1.71588177274869,1.71551494711146,1.72295058851667,1.7064506253279,1.7355014829307,1.71344712484733,1.71242353576024
Ecuador,6.721,6.7,6.676,6.646,6.61,6.564,6.507,6.436,6.351,6.252,6.138,6.011,5.873,5.727,5.577,5.426,5.276,5.129,4.988,4.853,4.727,4.611,4.503,4.401,4.305,4.213,4.123,4.034,3.945,3.856,3.767,3.679,3.594,3.514,3.437,3.364,3.294,3.225,3.157,3.09,3.027,2.968,2.914,2.868,2.828,2.793,2.763,2.736,2.71,2.684,2.656,2.628,2.599,2.571,2.542
"Egypt, Arab Rep.",6.63,6.605,6.57,6.526,6.471,6.405,6.326,6.235,6.136,6.033,5.932,5.839,5.761,5.698,5.651,5.621,5.605,5.596,5.588,5.579,5.564,5.546,5.522,5.492,5.45,5.39,5.301,5.182,5.034,4.859,4.663,4.455,4.247,4.048,3.865,3.705,3.571,3.459,3.367,3.293,3.233,3.181,3.133,3.088,3.047,3.016,3.004,3.016,3.055,3.114,3.184,3.253,3.306,3.336,3.338
Euro area,2.60133501659256,2.63307085171374,2.63860990562986,2.67977333575046,2.73323754238224,2.67924420283818,2.66094604115089,2.6196270605301,2.55702753749331,2.48685596227172,2.39292433316388,2.34176703803358,2.23412779373082,2.13117055053235,2.10031106842861,2.02654180981,1.98471783435529,1.9094807185899,1.85323417516693,1.80017753884117,1.77206847843974,1.72623063961034,1.69792662013616,1.63889000440124,1.60137245339862,1.59034155488466,1.57920796292783,1.55892730107401,1.56221849358895,1.5295156763965,1.53445122266291,1.4889190959201,1.46980152224159,1.43699135013058,1.39980375781107,1.38546905989025,1.39934093546879,1.41945298610379,1.42073996524772,1.43443052422392,1.47277023168953,1.45775102588109,1.45876418860154,1.47313456628334,1.4957087843761,1.49941877376167,1.52272425400855,1.53952935145859,1.58001479019488,1.5641087965008,1.58019407988926,1.55440585920017,1.54813696482303,1.52377544551898,1.52513224443778
Eritrea,6.899,6.868,6.837,6.806,6.778,6.752,6.728,6.706,6.686,6.667,6.65,6.636,6.624,6.615,6.609,6.609,6.614,6.625,6.64,6.658,6.675,6.686,6.69,6.683,6.665,6.636,6.597,6.552,6.502,6.448,6.387,6.316,6.233,6.137,6.03,5.914,5.793,5.67,5.549,5.434,5.328,5.233,5.149,5.073,5.005,4.942,4.881,4.818,4.752,4.681,4.605,4.525,4.444,4.363,4.284
Spain,2.86,2.77,2.8,2.88,3.01,2.94,2.91,2.94,2.87,2.86,2.84,2.88,2.86,2.84,2.89,2.8,2.79,2.66,2.54,2.36,2.2,2.04,1.94,1.8,1.73,1.64,1.56,1.5,1.45,1.4,1.36,1.33,1.32,1.27,1.2,1.17,1.16,1.18,1.16,1.19,1.23,1.24,1.25,1.3,1.31,1.33,1.36,1.38,1.45,1.38,1.37,1.34,1.32,1.27,1.27
Estonia,1.98,1.98,1.95,1.89,1.94,1.88,1.87,1.9,2.03,2.13,2.17,2.19,2.13,2.06,2.07,2.04,2.07,2.06,2.02,2,2.02,2.07,2.07,2.16,2.17,2.13,2.18,2.27,2.27,2.22,2.05,1.8,1.71,1.49,1.42,1.38,1.37,1.32,1.28,1.3,1.36,1.32,1.36,1.37,1.47,1.52,1.58,1.69,1.72,1.7,1.72,1.61,1.56,1.52,1.52
Ethiopia,6.88,6.877,6.875,6.872,6.867,6.864,6.867,6.88,6.903,6.937,6.978,7.02,7.06,7.094,7.121,7.143,7.167,7.195,7.23,7.271,7.316,7.36,7.397,7.424,7.437,7.435,7.418,7.387,7.347,7.298,7.246,7.193,7.143,7.094,7.046,6.995,6.935,6.861,6.769,6.659,6.529,6.38,6.218,6.046,5.87,5.693,5.52,5.353,5.194,5.044,4.903,4.77,4.642,4.517,4.395
European Union,2.58415784390692,2.59539427666781,2.59090419097343,2.62414449545517,2.65466743154772,2.59725098850036,2.5569577600972,2.59676432998939,2.53628690893036,2.45149301056797,2.36446507619272,2.32163422051003,2.2206530200607,2.13759701345423,2.13193124394337,2.06505248162926,2.02292313706706,1.95832829720783,1.91967160973868,1.89923491851049,1.87319444663508,1.82124032588999,1.79384406431544,1.75218845403364,1.73372203340131,1.73030074862431,1.71758765242758,1.69976128655465,1.70253129659919,1.667161636279,1.6582478768167,1.61211478402757,1.5755233580129,1.53447079717006,1.4923388420579,1.45150717199818,1.45248344853805,1.45317096607139,1.44319215062032,1.44264134225158,1.46584816495821,1.44804006254257,1.44513165500984,1.46344411492147,1.49026194578577,1.50193416987462,1.53274527092905,1.55812153834865,1.60909586531437,1.60101517326801,1.61209438601108,1.57677314144934,1.57910305621872,1.54268027168814,1.54384111090945
Fragile and conflict affected situations,6.50141579789189,6.52444801234011,6.55020658752852,6.57637703774976,6.60081511301281,6.62198921986485,6.63747843055417,6.64760138664289,6.6519757293619,6.65000280790865,6.64256429265876,6.62928592952927,6.61333117426821,6.59569977700939,6.57705840395353,6.5576556379406,6.53737053835266,6.51510414685147,6.48988218586909,6.46109052298608,6.42723550387587,6.38601882372626,6.33996450361611,6.28897708435063,6.2335272239006,6.17436102275474,6.11113434323961,6.04523557617865,5.97773144225722,5.9106286422287,5.85201366028657,5.79013950213474,5.73264338418671,5.67752284685257,5.62322870828748,5.56787668158275,5.50811487106166,5.44695894353588,5.3844892503061,5.32256313924816,5.2623687252363,5.20529771688504,5.14938028512803,5.09380593033497,5.03711019807561,4.97886428074368,4.91642423100025,4.85302011524284,4.78995233847786,4.72642714139739,4.66315724235404,4.59998227816167,4.53617940043279,4.47270975059231,4.40891964120133
Finland,2.72,2.72,2.68,2.68,2.59,2.48,2.41,2.32,2.14,1.93,1.83,1.68,1.58,1.49,1.61,1.68,1.7,1.68,1.64,1.64,1.63,1.64,1.71,1.74,1.69,1.64,1.6,1.59,1.69,1.71,1.78,1.79,1.85,1.81,1.85,1.81,1.76,1.75,1.7,1.73,1.73,1.73,1.72,1.76,1.8,1.8,1.84,1.83,1.85,1.86,1.87,1.83,1.8,1.75,1.75
Fiji,6.461,6.281,6.085,5.881,5.676,5.475,5.278,5.083,4.892,4.71,4.543,4.397,4.275,4.178,4.106,4.054,4.018,3.992,3.968,3.941,3.907,3.864,3.813,3.755,3.693,3.629,3.568,3.512,3.465,3.427,3.398,3.374,3.352,3.33,3.305,3.276,3.244,3.209,3.171,3.132,3.09,3.046,3.001,2.954,2.907,2.86,2.816,2.774,2.736,2.701,2.669,2.641,2.615,2.589,2.564
France,2.85,2.87,2.89,2.89,2.87,2.84,2.8,2.75,2.69,2.62,2.55,2.47,2.38,2.28,2.18,2.09,2.01,1.94,1.89,1.87,1.85,1.85,1.86,1.86,1.86,1.86,1.85,1.83,1.81,1.79,1.77,1.75,1.74,1.73,1.73,1.74,1.75,1.77,1.78,1.81,1.89,1.9,1.88,1.89,1.92,1.94,2,1.98,2.01,2,2.03,2.01,2.01,1.99,1.99
Faroe Islands,,,,,,,,,,,3.4,3.2,3.3,3.2,3.1,2.9,2.7,2.7,2.6,2.7,2.5,2.5,2.3,2.2,2.2,2.3,2.4,2.4,2.6,2.7,2.8,2.6,2.5,2.5,2.4,2.5,2.6,2.5,2.3,2.3,2.6,2.3,2.6,2.5,2.6,2.6,2.5,2.6,2.6,2.4,2.5,2.3,2.6,2.5,2.6
"Micronesia, Fed. Sts.",6.934,6.917,6.905,6.897,6.893,6.894,6.9,6.911,6.924,6.935,6.938,6.925,6.894,6.842,6.77,6.682,6.586,6.49,6.398,6.311,6.223,6.129,6.02,5.894,5.752,5.6,5.446,5.299,5.167,5.052,4.958,4.882,4.82,4.766,4.716,4.664,4.608,4.544,4.471,4.39,4.3,4.204,4.105,4.007,3.912,3.823,3.739,3.661,3.589,3.522,3.46,3.402,3.347,3.294,3.243
Gabon,4.384,4.462,4.541,4.619,4.694,4.766,4.834,4.899,4.961,5.021,5.081,5.143,5.208,5.275,5.343,5.412,5.48,5.543,5.6,5.648,5.684,5.709,5.722,5.723,5.712,5.689,5.654,5.609,5.554,5.491,5.421,5.345,5.263,5.176,5.087,4.996,4.903,4.809,4.716,4.625,4.539,4.46,4.389,4.327,4.274,4.23,4.194,4.164,4.138,4.112,4.083,4.05,4.01,3.963,3.909
United Kingdom,2.69,2.78,2.86,2.88,2.93,2.86,2.78,2.68,2.6,2.51,2.44,2.41,2.2,2.04,1.92,1.81,1.74,1.69,1.75,1.86,1.9,1.82,1.78,1.77,1.77,1.79,1.78,1.81,1.82,1.79,1.83,1.82,1.79,1.76,1.74,1.71,1.73,1.72,1.71,1.68,1.64,1.63,1.63,1.7,1.75,1.76,1.82,1.86,1.91,1.89,1.92,1.91,1.92,1.83,1.83
Georgia,2.964,2.965,2.95,2.915,2.864,2.801,2.737,2.68,2.637,2.609,2.595,2.588,2.579,2.563,2.537,2.502,2.461,2.419,2.379,2.343,2.315,2.296,2.284,2.277,2.275,2.273,2.269,2.26,2.243,2.217,2.18,2.132,2.076,2.013,1.946,1.879,1.812,1.749,1.692,1.643,1.609,1.592,1.593,1.609,1.639,1.678,1.719,1.758,1.788,1.809,1.82,1.822,1.82,1.817,1.816
Ghana,6.749,6.789,6.827,6.862,6.893,6.918,6.937,6.95,6.957,6.957,6.95,6.936,6.915,6.888,6.855,6.815,6.771,6.721,6.665,6.605,6.539,6.468,6.392,6.31,6.223,6.131,6.035,5.935,5.831,5.725,5.616,5.505,5.391,5.277,5.164,5.057,4.957,4.869,4.792,4.727,4.67,4.618,4.568,4.517,4.464,4.413,4.367,4.33,4.303,4.285,4.272,4.258,4.238,4.209,4.168
Guinea,6.114,6.127,6.138,6.147,6.154,6.16,6.168,6.177,6.189,6.205,6.225,6.249,6.277,6.306,6.337,6.369,6.402,6.436,6.468,6.5,6.529,6.557,6.581,6.602,6.619,6.631,6.637,6.637,6.631,6.618,6.598,6.57,6.535,6.493,6.444,6.391,6.334,6.273,6.211,6.147,6.082,6.015,5.947,5.877,5.804,5.729,5.653,5.575,5.497,5.417,5.337,5.256,5.175,5.094,5.013
"Gambia, The",5.573,5.621,5.672,5.723,5.776,5.83,5.884,5.938,5.991,6.043,6.093,6.141,6.185,6.226,6.262,6.293,6.316,6.333,6.342,6.343,6.337,6.323,6.303,6.277,6.248,6.219,6.19,6.164,6.141,6.123,6.107,6.095,6.083,6.07,6.056,6.039,6.018,5.995,5.97,5.944,5.917,5.891,5.867,5.845,5.827,5.812,5.803,5.799,5.798,5.798,5.796,5.789,5.775,5.751,5.717
Guinea-Bissau,5.921,5.931,5.941,5.951,5.961,5.971,5.982,5.994,6.008,6.024,6.041,6.06,6.078,6.098,6.12,6.15,6.192,6.249,6.32,6.401,6.487,6.569,6.64,6.694,6.727,6.739,6.734,6.717,6.693,6.663,6.627,6.582,6.526,6.458,6.381,6.294,6.201,6.104,6.007,5.911,5.818,5.728,5.642,5.558,5.478,5.403,5.332,5.267,5.206,5.148,5.091,5.033,4.972,4.906,4.835
Equatorial Guinea,5.505,5.515,5.529,5.548,5.57,5.595,5.619,5.64,5.658,5.671,5.678,5.681,5.68,5.677,5.675,5.674,5.676,5.682,5.693,5.708,5.728,5.751,5.776,5.802,5.826,5.848,5.866,5.881,5.891,5.897,5.9,5.901,5.902,5.902,5.901,5.897,5.888,5.872,5.847,5.814,5.773,5.726,5.676,5.623,5.568,5.512,5.454,5.391,5.324,5.253,5.176,5.095,5.011,4.924,4.835
Greece,2.23,2.13,2.16,2.14,2.24,2.25,2.32,2.45,2.42,2.36,2.4,2.32,2.32,2.27,2.38,2.33,2.35,2.27,2.28,2.26,2.23,2.09,2.03,1.94,1.83,1.67,1.6,1.5,1.5,1.4,1.4,1.38,1.39,1.34,1.35,1.31,1.28,1.28,1.26,1.24,1.27,1.25,1.27,1.28,1.3,1.32,1.38,1.38,1.47,1.49,1.47,1.4,1.35,1.3,1.3
Grenada,6.743,6.627,6.442,6.196,5.906,5.597,5.3,5.04,4.835,4.69,4.604,4.561,4.537,4.512,4.479,4.436,4.385,4.337,4.299,4.269,4.251,4.244,4.243,4.245,4.243,4.231,4.2,4.146,4.068,3.966,3.842,3.701,3.551,3.401,3.254,3.116,2.988,2.87,2.762,2.666,2.582,2.512,2.455,2.409,2.373,2.344,2.321,2.301,2.281,2.261,2.24,2.217,2.194,2.171,2.149
Greenland,,,,,,,,,,,,,,,,2.345,2.255,2.349,2.197,2.187,2.435,2.332,2.236,2.054,2.107,2.241,2.044,2.083,2.317,2.299,2.444,2.421,2.607,2.578,2.527,2.512,2.493,2.69,2.457,2.415,2.329,2.51,2.566,2.372,2.415,2.377,2.256,2.299,2.247,2.359,2.195,2.117,2.019,2.077,2.037
Guatemala,6.534,6.512,6.49,6.464,6.434,6.399,6.36,6.323,6.288,6.259,6.235,6.219,6.208,6.203,6.201,6.202,6.206,6.211,6.213,6.21,6.195,6.161,6.105,6.027,5.93,5.82,5.704,5.591,5.488,5.396,5.315,5.244,5.174,5.102,5.024,4.939,4.847,4.75,4.648,4.543,4.434,4.322,4.207,4.091,3.976,3.865,3.76,3.664,3.578,3.501,3.434,3.373,3.317,3.263,3.211
Guam,6.052,6.048,5.984,5.857,5.67,5.439,5.187,4.939,4.716,4.526,4.372,4.248,4.137,4.028,3.917,3.801,3.681,3.561,3.447,3.34,3.248,3.177,3.128,3.1,3.092,3.095,3.099,3.097,3.082,3.053,3.013,2.969,2.929,2.899,2.881,2.872,2.87,2.867,2.86,2.846,2.824,2.794,2.759,2.72,2.679,2.638,2.599,2.562,2.528,2.498,2.472,2.448,2.427,2.406,2.386
Guyana,5.754,5.689,5.619,5.548,5.481,5.421,5.366,5.314,5.263,5.21,5.154,5.092,5.022,4.944,4.86,4.769,4.675,4.579,4.486,4.395,4.308,4.226,4.148,4.073,4.001,3.931,3.863,3.796,3.731,3.666,3.601,3.535,3.467,3.4,3.332,3.267,3.206,3.15,3.101,3.059,3.022,2.989,2.958,2.926,2.894,2.86,2.824,2.787,2.751,2.715,2.68,2.647,2.615,2.585,2.558
High income,2.96526612270718,2.96171131502736,2.91035620558653,2.87984872610387,2.8485034058274,2.75876250775672,2.61714139327904,2.59795488573694,2.54858829661045,2.50894020539832,2.47948305699139,2.43253436365522,2.32071138347466,2.24823077502462,2.20467320068384,2.13113598216948,2.08274550530485,2.05567759618928,2.01583765448958,2.02108643975488,2.01114666801598,1.97711629793813,1.98561329867545,1.96273268975462,1.93261299276515,1.92985988844199,1.92389472692344,1.92680822696201,1.92748561255,1.9088360572759,1.91102617753683,1.87286166029272,1.83126871482615,1.77797405771341,1.76048188119956,1.72146295691586,1.70668272366529,1.6899748924765,1.68523213134974,1.66926786673216,1.69600729810568,1.67394454220182,1.66780206745627,1.67725108535197,1.68791355744699,1.68118781153617,1.71497242676369,1.74939439818516,1.76577576559412,1.74837290461546,1.74449779495578,1.72605494090713,1.74114515721996,1.71714508045211,1.71868969250121
"Hong Kong SAR, China",5.162,5.213,5.18,5.051,4.833,4.551,4.246,3.959,3.722,3.545,3.421,3.459,3.315,3.177,2.967,2.666,2.48,2.376,2.272,2.12,2.047,1.933,1.86,1.722,1.559,1.491,1.367,1.311,1.4,1.296,1.272,1.281,1.347,1.342,1.355,1.295,1.191,1.127,1.017,0.982,1.035,0.932,0.939,0.901,0.927,0.966,0.984,1.028,1.064,1.055,1.127,1.204,1.285,1.124,1.234
Honduras,7.458,7.448,7.443,7.441,7.443,7.442,7.435,7.417,7.383,7.334,7.27,7.195,7.111,7.025,6.935,6.844,6.749,6.649,6.543,6.431,6.313,6.19,6.062,5.932,5.802,5.674,5.553,5.439,5.333,5.233,5.139,5.048,4.956,4.86,4.758,4.649,4.531,4.405,4.272,4.134,3.993,3.849,3.706,3.564,3.427,3.293,3.164,3.039,2.918,2.802,2.695,2.599,2.514,2.442,2.382
Heavily indebted poor countries (HIPC),6.71566177067228,6.72956590896143,6.743673729006,6.75771055135702,6.77100440069783,6.78376408847876,6.79654657034018,6.80965197298819,6.82307838834354,6.836965253841,6.85092743655191,6.86481815188469,6.87828505519452,6.89049440332935,6.90098566113265,6.90906277920782,6.91472722407596,6.91745873087803,6.91725015969479,6.91397075544966,6.90722396150708,6.89690626060451,6.88343546436125,6.86700905677464,6.84746297205225,6.82436344271339,6.79719074014239,6.7652162790445,6.72783254427862,6.6849815778092,6.63788533221922,6.58674613420972,6.53514874340457,6.48352926568802,6.43211131246695,6.38041668796819,6.32654400021012,6.27035565182495,6.2113613504894,6.14982351039464,6.08562366209932,6.01809577254814,5.94827673154049,5.87584161391622,5.80084348391388,5.72300176073074,5.64174382211317,5.55855626903703,5.47433343538637,5.38938185050359,5.30437735688767,5.21890035259469,5.13375147431132,5.04934528388467,4.96592565156439
Croatia,2.332,2.302,2.273,2.243,2.211,2.177,2.141,2.104,2.068,2.035,2.007,1.987,1.975,1.972,1.976,1.985,1.996,2.005,2.01,2.01,2.004,1.993,1.9,1.88,1.87,1.82,1.76,1.64,1.79,1.63,1.63,1.53,1.48,1.52,1.47,1.58,1.67,1.69,1.45,1.38,1.39,1.46,1.42,1.41,1.43,1.5,1.47,1.48,1.55,1.58,1.55,1.48,1.51,1.46,1.46
Haiti,6.324,6.318,6.302,6.274,6.233,6.179,6.109,6.026,5.937,5.846,5.762,5.692,5.642,5.616,5.614,5.641,5.698,5.779,5.872,5.97,6.058,6.122,6.154,6.149,6.106,6.028,5.921,5.799,5.673,5.548,5.43,5.318,5.21,5.103,4.997,4.89,4.779,4.665,4.547,4.425,4.302,4.182,4.065,3.955,3.853,3.757,3.667,3.579,3.493,3.408,3.325,3.245,3.169,3.098,3.033
Hungary,2.02,1.94,1.79,1.82,1.82,1.82,1.89,2.01,2.06,2.04,1.98,1.93,1.93,1.93,2.27,2.35,2.23,2.15,2.06,2.01,1.91,1.88,1.8,1.75,1.75,1.85,1.84,1.82,1.81,1.82,1.87,1.87,1.77,1.68,1.64,1.57,1.46,1.37,1.32,1.28,1.32,1.31,1.3,1.27,1.28,1.31,1.34,1.32,1.35,1.32,1.25,1.23,1.34,1.35,1.35
Indonesia,5.666,5.656,5.645,5.634,5.623,5.612,5.599,5.582,5.556,5.521,5.474,5.413,5.338,5.251,5.152,5.043,4.927,4.806,4.682,4.557,4.43,4.301,4.167,4.028,3.887,3.745,3.606,3.472,3.346,3.229,3.122,3.023,2.931,2.844,2.764,2.691,2.628,2.575,2.534,2.503,2.483,2.473,2.469,2.471,2.475,2.481,2.489,2.497,2.504,2.51,2.513,2.509,2.5,2.484,2.463
Isle of Man,,2.707,,,,,,,,,,,,,,,,,,,,,,,,,,,,,,,,,1.8,,,,,,,,1.65,,,,,,,,,,,,
India,5.906,5.903,5.895,5.881,5.86,5.831,5.795,5.752,5.703,5.648,5.587,5.519,5.444,5.363,5.278,5.192,5.109,5.03,4.957,4.89,4.828,4.767,4.704,4.636,4.563,4.484,4.399,4.311,4.222,4.132,4.044,3.959,3.877,3.798,3.723,3.651,3.581,3.513,3.446,3.379,3.311,3.243,3.174,3.105,3.036,2.966,2.896,2.826,2.755,2.687,2.622,2.563,2.51,2.465,2.427
Not classified,,,,,,,,,,,,,,,,,,,,,,,,,,,,,,,,,,,,,,,,,,,,,,,,,,,,,,,
Ireland,3.78,3.78,3.92,4.01,4.07,4.04,3.94,3.84,3.77,3.83,3.85,3.93,3.84,3.71,3.59,3.37,3.29,3.24,3.21,3.21,3.21,3.05,2.94,2.74,2.58,2.48,2.44,2.32,2.17,2.08,2.11,2.08,1.99,1.9,1.85,1.84,1.88,1.93,1.94,1.9,1.89,1.94,1.97,1.96,1.93,1.86,1.91,2.01,2.06,2.06,2.05,2.03,2.01,1.96,1.96
"Iran, Islamic Rep.",6.927,6.924,6.914,6.896,6.868,6.827,6.77,6.699,6.617,6.528,6.44,6.359,6.292,6.243,6.214,6.212,6.238,6.289,6.354,6.422,6.481,6.516,6.515,6.47,6.374,6.223,6.014,5.758,5.467,5.15,4.818,4.478,4.139,3.81,3.5,3.216,2.961,2.734,2.533,2.358,2.211,2.092,1.997,1.925,1.87,1.831,1.805,1.788,1.779,1.772,1.765,1.755,1.742,1.726,1.707
Iraq,6.252,6.364,6.514,6.689,6.872,7.044,7.188,7.295,7.362,7.383,7.362,7.308,7.234,7.153,7.072,6.993,6.915,6.834,6.748,6.658,6.569,6.485,6.407,6.338,6.276,6.22,6.164,6.105,6.039,5.965,5.882,5.794,5.702,5.61,5.517,5.423,5.323,5.218,5.107,4.995,4.888,4.792,4.715,4.658,4.623,4.608,4.61,4.623,4.639,4.653,4.659,4.654,4.637,4.607,4.566
Iceland,4.29,3.88,3.98,3.99,3.88,3.73,3.59,3.28,3.06,2.99,2.81,2.92,3.09,2.94,2.66,2.65,2.52,2.31,2.35,2.49,2.48,2.33,2.27,2.24,2.08,1.93,1.92,2.06,2.26,2.19,2.3,2.18,2.21,2.22,2.14,2.08,2.12,2.04,2.05,1.99,2.08,1.95,1.93,1.99,2.04,2.05,2.08,2.09,2.15,2.23,2.2,2.02,2.04,1.93,1.93
Israel,3.866,3.858,3.85,3.838,3.826,3.814,3.802,3.79,3.786,3.782,3.778,3.774,3.77,3.698,3.626,3.554,3.482,3.41,3.354,3.298,3.242,3.186,3.13,3.106,3.082,3.058,3.034,3.01,2.948,2.886,2.824,2.762,2.7,2.8,2.9,2.9,2.9,2.94,2.98,2.965,2.95,2.92,2.89,2.95,2.9,2.84,2.88,2.9,2.96,2.96,3.03,2.98,3.05,3.03,3.08
Italy,2.37,2.42,2.44,2.5,2.65,2.59,2.57,2.5,2.49,2.46,2.38,2.4,2.35,2.3,2.28,2.17,2.04,1.93,1.84,1.73,1.64,1.58,1.56,1.51,1.46,1.42,1.35,1.33,1.36,1.33,1.33,1.3,1.3,1.25,1.21,1.19,1.2,1.21,1.21,1.23,1.26,1.25,1.27,1.29,1.34,1.34,1.37,1.4,1.45,1.45,1.46,1.44,1.43,1.39,1.39
Jamaica,5.419,5.529,5.627,5.711,5.775,5.815,5.821,5.79,5.722,5.617,5.477,5.305,5.108,4.899,4.685,4.478,4.286,4.115,3.965,3.839,3.733,3.643,3.559,3.477,3.394,3.308,3.223,3.142,3.069,3.003,2.947,2.899,2.86,2.826,2.797,2.768,2.738,2.704,2.666,2.623,2.577,2.529,2.482,2.439,2.398,2.361,2.325,2.289,2.251,2.213,2.174,2.136,2.102,2.072,2.046
Jordan,7.687,7.802,7.904,7.983,8.034,8.057,8.053,8.033,8.004,7.968,7.926,7.876,7.818,7.75,7.675,7.598,7.523,7.455,7.391,7.329,7.262,7.178,7.071,6.935,6.771,6.581,6.373,6.157,5.943,5.734,5.536,5.349,5.169,4.997,4.832,4.677,4.531,4.396,4.272,4.158,4.056,3.964,3.882,3.809,3.745,3.69,3.646,3.613,3.588,3.57,3.553,3.533,3.505,3.468,3.422
Japan,2.001,2.05,2.01,2.02,2.05,2.139,1.58,2.02,2.13,2.13,2.135,2.16,2.14,2.14,2.05,1.909,1.85,1.8,1.79,1.77,1.75,1.74,1.77,1.8,1.81,1.76,1.72,1.69,1.66,1.57,1.54,1.53,1.502,1.458,1.5,1.422,1.425,1.388,1.384,1.342,1.359,1.33,1.32,1.29,1.29,1.26,1.32,1.34,1.37,1.37,1.39,1.39,1.41,1.43,1.42
Kazakhstan,4.563,4.514,4.437,4.331,4.201,4.059,3.918,3.79,3.683,3.6,3.538,3.489,3.44,3.385,3.32,3.249,3.175,3.106,3.048,3.019,2.9,2.95,3,3.04,3.08,3.08,3.135,3.19,3.13,2.82,2.72,2.61,2.5,2.3,2.28,2.26,2.13,2,1.8,1.7,1.8,1.9,2,2.03,2.21,2.22,2.36,2.5,2.7,2.55,2.6,2.59,2.62,2.64,2.74
Kenya,7.946,7.998,8.042,8.078,8.103,8.119,8.126,8.125,8.117,8.103,8.081,8.051,8.012,7.963,7.905,7.84,7.769,7.695,7.618,7.538,7.455,7.366,7.27,7.165,7.049,6.918,6.769,6.602,6.422,6.231,6.037,5.847,5.668,5.506,5.366,5.251,5.165,5.102,5.059,5.03,5.012,5,4.989,4.975,4.953,4.921,4.878,4.825,4.766,4.7,4.629,4.556,4.481,4.406,4.334
Kyrgyz Republic,5.166,5.255,5.314,5.335,5.317,5.266,5.193,5.112,5.034,4.961,4.892,4.815,4.724,4.615,4.492,4.365,4.247,4.15,4.082,4.044,4.035,4.046,4.068,4.086,4.097,4.093,4.073,4.039,3.992,3.875,3.63,3.58,3.52,3.2,2.9,3.1,2.8,2.6,2.7,2.6,2.4,2.4,2.4,2.5,2.6,2.5,2.7,2.7,2.8,2.9,3.1,3.1,3.2,3.1,3.2
Cambodia,6.967,6.964,6.955,6.937,6.909,6.868,6.813,6.745,6.666,6.574,6.465,6.332,6.175,6.004,5.831,5.681,5.585,5.557,5.603,5.714,5.87,6.042,6.193,6.296,6.338,6.313,6.226,6.097,5.944,5.777,5.601,5.421,5.237,5.052,4.867,4.685,4.504,4.325,4.146,3.971,3.805,3.654,3.521,3.406,3.309,3.227,3.155,3.086,3.018,2.947,2.875,2.804,2.739,2.683,2.635
Kiribati,6.788,6.803,6.784,6.728,6.634,6.501,6.329,6.125,5.902,5.673,5.457,5.273,5.13,5.034,4.985,4.978,4.999,5.031,5.058,5.072,5.07,5.051,5.022,4.988,4.952,4.912,4.871,4.829,4.784,4.738,4.688,4.635,4.576,4.512,4.445,4.374,4.304,4.235,4.17,4.11,4.058,4.015,3.979,3.95,3.927,3.909,3.895,3.883,3.872,3.859,3.843,3.822,3.796,3.765,3.73
St. Kitts and Nevis,,,,,,,,,,,,,3.5,,,,,,,,,,3.3,,,,,2.8,,,,,2.6,,,,,2.4,,,,,2.107,,,,,,,,,,,,
"Korea, Rep.",6.155,5.989,5.789,5.574,5.357,5.157,4.987,4.845,4.725,4.624,4.53,4.54,4.12,4.07,3.77,3.43,3,2.99,2.64,2.9,2.82,2.57,2.39,2.06,1.74,1.66,1.58,1.53,1.55,1.56,1.57,1.71,1.76,1.654,1.656,1.634,1.574,1.52,1.448,1.41,1.467,1.297,1.166,1.18,1.154,1.076,1.123,1.25,1.192,1.149,1.226,1.244,1.297,1.187,1.205
Kosovo,,,,,,,,,,,,,,,,,,,,,,4.58,4.88,4.48,4.82,4.56,4.47,4.43,4.26,3.92,3.9,3.58,2.96,2.84,2.71,2.7,2.7,2.46,2.57,2.88,2.95,2.8,2.66,2.34,2.53,2.65,2.43,2.43,2.38,2.34,2.29,2.24,2.19,2.16,2.1
Kuwait,7.243,7.27,7.302,7.336,7.368,7.394,7.408,7.406,7.384,7.338,7.263,7.155,7.016,6.851,6.664,6.464,6.264,6.068,5.881,5.699,5.51,5.295,5.042,4.746,4.414,4.059,3.696,3.349,3.039,2.782,2.593,2.487,2.456,2.486,2.564,2.668,2.771,2.851,2.893,2.89,2.847,2.778,2.707,2.648,2.605,2.577,2.554,2.525,2.481,2.423,2.353,2.279,2.209,2.15,2.105
Latin America & Caribbean (developing only),6.41758482613097,6.41259566021468,6.39254836368727,6.35238914404364,6.29272586307292,6.21380013973607,6.12060160842646,6.01676810905546,5.90793297904869,5.79615889499987,5.68336981187136,5.56611455901304,5.4450693860124,5.31917148194137,5.18873811195066,5.05567634391246,4.92132114700745,4.78868127490225,4.65791110475475,4.53097120978976,4.40733158691521,4.28541754021274,4.1640253981831,4.04289728865045,3.92205898276398,3.80259823749931,3.68478323305212,3.57068575169678,3.4621747382884,3.35956593100889,3.26442025898972,3.17755965185789,3.09980221668085,3.0297352364474,2.9667708963601,2.90979315449699,2.85715922852573,2.80808224841914,2.76046942381467,2.71249129966202,2.66344826457859,2.61147159303832,2.55752668576191,2.5020940882948,2.44618312941428,2.39129466788772,2.34025324051414,2.2932837937103,2.25324332654262,2.21898295314229,2.18987629130363,2.16552088197348,2.14359152760278,2.12239710037008,2.10140626083308
Lao PDR,5.961,5.964,5.966,5.969,5.971,5.973,5.974,5.973,5.973,5.972,5.974,5.979,5.99,6.006,6.029,6.059,6.096,6.139,6.186,6.233,6.277,6.315,6.345,6.363,6.369,6.361,6.342,6.313,6.274,6.222,6.151,6.054,5.928,5.772,5.589,5.384,5.163,4.936,4.712,4.498,4.304,4.132,3.984,3.857,3.75,3.66,3.582,3.511,3.44,3.368,3.293,3.215,3.138,3.063,2.991
Lebanon,5.739,5.724,5.694,5.647,5.583,5.501,5.403,5.295,5.181,5.064,4.948,4.836,4.73,4.629,4.534,4.444,4.357,4.271,4.182,4.092,3.997,3.898,3.796,3.692,3.587,3.482,3.379,3.279,3.182,3.09,3.002,2.919,2.841,2.765,2.691,2.617,2.543,2.468,2.39,2.31,2.225,2.134,2.037,1.938,1.839,1.75,1.678,1.627,1.601,1.598,1.613,1.641,1.671,1.697,1.714
Liberia,6.406,6.429,6.453,6.476,6.5,6.524,6.552,6.583,6.617,6.655,6.695,6.736,6.777,6.815,6.849,6.88,6.907,6.93,6.95,6.964,6.973,6.973,6.964,6.946,6.917,6.875,6.82,6.752,6.673,6.587,6.499,6.414,6.336,6.267,6.208,6.156,6.109,6.061,6.008,5.948,5.88,5.804,5.722,5.635,5.547,5.456,5.366,5.277,5.19,5.105,5.024,4.945,4.868,4.793,4.719
Libya,7.202,7.243,7.31,7.402,7.517,7.647,7.781,7.905,8.01,8.087,8.132,8.147,8.135,8.102,8.048,7.97,7.866,7.736,7.582,7.408,7.219,7.023,6.826,6.63,6.435,6.235,6.022,5.788,5.53,5.253,4.962,4.667,4.381,4.113,3.871,3.656,3.47,3.307,3.164,3.038,2.931,2.845,2.779,2.731,2.697,2.675,2.661,2.65,2.638,2.624,2.603,2.576,2.543,2.507,2.467
St. Lucia,6.967,6.931,6.88,6.821,6.758,6.688,6.607,6.508,6.387,6.249,6.101,5.953,5.813,5.686,5.571,5.462,5.347,5.216,5.064,4.891,4.703,4.512,4.328,4.161,4.014,3.888,3.78,3.683,3.589,3.495,3.398,3.298,3.195,3.09,2.983,2.873,2.76,2.644,2.528,2.416,2.313,2.224,2.152,2.098,2.062,2.04,2.029,2.022,2.013,2,1.982,1.96,1.936,1.913,1.89
Latin America & Caribbean (all income levels),5.96342052664239,5.96009278152152,5.94239639138905,5.90639467308573,5.85309702671583,5.78266789076985,5.69866000543423,5.60577223008298,5.50864075451466,5.40913044815871,5.30937910668915,5.20724604709807,5.10340317248518,4.99699182721631,4.88833199388196,4.77799134170326,4.66621766597174,4.55458287464348,4.44242268311578,4.33137735431371,4.22139779817659,4.11215275694246,4.00341835157698,3.89589541984554,3.78972762502786,3.68557727673502,3.5833116305071,3.48405603943312,3.38882206175223,3.29769673076865,3.21186332851717,3.13199471008593,3.05903306510602,2.99213615900796,2.93102229270991,2.87500903702491,2.8222064129588,2.77379512225494,2.72757459155159,2.68230139675914,2.63670170161381,2.58769869286758,2.53762500230658,2.48660672533306,2.43587078298017,2.38585796021199,2.3388835352639,2.29552527219324,2.25870462933191,2.22692353679598,2.19952827444461,2.17622129802471,2.15498299281923,2.13425632936604,2.11410228057008
Least developed countries: UN classification,6.65621646481776,6.6734047974747,6.69056719625171,6.70704127309834,6.72156496643956,6.73409366649054,6.74449505185008,6.75282671114111,6.75890533899272,6.76281711556664,6.76406834521421,6.76232776082189,6.75780938106993,6.75033484649031,6.74011970290157,6.72738361239952,6.71267675358567,6.69577149282385,6.67608241731654,6.6521890543251,6.62241141010783,6.58487965242367,6.53991187343547,6.48723070596057,6.42736582540313,6.36036008883033,6.28692682909746,6.20883933905701,6.12758254818126,6.04444805482971,5.96164574122635,5.87999398803687,5.80209332138263,5.72726970797638,5.65478156108316,5.58354317306964,5.51024603790535,5.43690022323342,5.36288721654312,5.28878276144555,5.21493387457497,5.14030335816355,5.06588936221268,4.99110046335928,4.91560635410841,4.83919190160415,4.76083242268272,4.68288237272576,4.60617691411369,4.53124838187148,4.45811117963936,4.38635445577075,4.31734882096694,4.25183682250425,4.18913166669415
Low income,6.5078990159033,6.49932641122276,6.4914305620077,6.48763344941194,6.49124050239524,6.50369090590633,6.51750408398363,6.53654300588892,6.55526063516391,6.56951112807139,6.57673495346607,6.57791128046798,6.57102841922517,6.55788449087458,6.54227130095628,6.52782575994372,6.51628752001791,6.51119603227688,6.51261894902722,6.51835104386655,6.52582494731629,6.52874058313574,6.52972684397598,6.5259059141149,6.51530659971826,6.49712512375456,6.47412298484673,6.44393885510978,6.40878397823401,6.37076543617468,6.33203610683959,6.28983727188886,6.25029214751484,6.21194847927337,6.17281026836655,6.13124355211956,6.08475916667119,6.03344767510644,5.97734156550284,5.91748220701412,5.85465567979356,5.78926793045733,5.72243389709029,5.65415685202004,5.58434665708716,5.51211681070614,5.43550953856958,5.35658801727248,5.27582346111601,5.19320831877686,5.10962891974787,5.02456469997258,4.94009544645882,4.85729841470465,4.77713431214767
Liechtenstein,,,,,,,,,,,,,,,,,,,,,,,,,,,,,,,,,,,,,,,,,1.57,1.52,1.47,1.36,1.44,1.49,1.43,1.42,1.43,1.71,1.4,1.69,1.51,1.45,1.45
Sri Lanka,5.541,5.421,5.299,5.18,5.067,4.959,4.849,4.734,4.609,4.477,4.342,4.208,4.083,3.97,3.87,3.783,3.705,3.633,3.562,3.488,3.408,3.319,3.223,3.12,3.012,2.904,2.8,2.703,2.617,2.544,2.483,2.433,2.39,2.353,2.32,2.291,2.268,2.252,2.242,2.239,2.241,2.247,2.257,2.268,2.278,2.284,2.283,2.274,2.257,2.233,2.203,2.17,2.138,2.108,2.083
Low & middle income,5.90492554916736,5.93752113069411,5.99212028957377,6.02695413314418,6.04758156247123,6.05241310622572,6.03310605603828,6.00551193241621,5.93951184866772,5.84752003782934,5.73436973155446,5.58763026655401,5.44323210103342,5.27869818620696,5.11349440813064,4.94725183935763,4.78993703651973,4.64692807741324,4.52067860812389,4.41277400987643,4.32327124946412,4.24578902388142,4.19335214472955,4.14656128225865,4.10629175393717,4.06287103095131,4.01209768872339,3.94976373557847,3.87339568223611,3.78352756060159,3.68300516057968,3.57501758061876,3.47055754527628,3.36632274829136,3.27053456489362,3.18525510724334,3.11083526417447,3.04416040992034,2.99211725913657,2.94659959886458,2.90653231915927,2.8732580616847,2.84519187580538,2.81874499758168,2.79523612035926,2.76922026236504,2.74662711427776,2.72500093887418,2.70592069411664,2.68550985216651,2.66668084170438,2.64961198763356,2.63550207789944,2.62077343656122,2.60726109954444
Lesotho,5.839,5.829,5.82,5.812,5.806,5.802,5.801,5.803,5.805,5.807,5.808,5.807,5.802,5.794,5.78,5.761,5.736,5.706,5.672,5.633,5.589,5.542,5.491,5.436,5.377,5.313,5.244,5.169,5.088,5.004,4.919,4.837,4.759,4.686,4.617,4.548,4.475,4.394,4.302,4.2,4.089,3.972,3.856,3.744,3.64,3.548,3.473,3.412,3.366,3.33,3.303,3.278,3.253,3.222,3.185
Lithuania,2.56,2.53,2.45,2.35,2.28,2.23,2.22,2.23,2.24,2.3,2.4,2.41,2.34,2.22,2.21,2.18,2.18,2.14,2.08,2.05,1.99,1.98,1.97,2.1,2.07,2.08,2.12,2.11,2.02,1.98,2.03,2.01,1.97,1.74,1.57,1.55,1.49,1.47,1.46,1.46,1.39,1.29,1.23,1.26,1.27,1.29,1.33,1.36,1.45,1.5,1.5,1.55,1.6,1.59,1.59
Luxembourg,2.29,,2.37,,2.34,2.42,2.34,2.24,2.12,2.02,1.97,1.95,1.75,1.58,1.58,1.55,1.48,1.5,1.48,1.48,1.5,1.55,1.49,1.43,1.42,1.38,1.43,1.4,1.51,1.52,1.6,1.6,1.64,1.7,1.72,1.7,1.77,1.71,1.68,1.74,1.76,1.66,1.63,1.62,1.66,1.63,1.65,1.61,1.61,1.59,1.63,1.52,1.57,1.55,1.55
Latvia,1.94,1.94,1.91,1.85,1.79,1.74,1.76,1.8,1.83,1.88,1.96,2,2,1.98,1.97,1.96,1.93,1.89,1.87,1.87,1.86,1.88,1.97,2.07,2.09,2.08,2.12,2.15,2.11,2.05,2.02,1.86,1.73,1.51,1.39,1.25,1.16,1.11,1.09,1.16,1.25,1.22,1.26,1.32,1.29,1.39,1.46,1.54,1.58,1.46,1.36,1.33,1.44,1.52,1.52
"Macao SAR, China",4.945,4.763,4.525,4.242,3.926,3.594,3.261,2.942,2.647,2.388,2.166,1.98,1.821,1.683,1.568,1.484,1.44,1.441,1.485,1.563,1.665,1.777,1.882,1.966,2.021,2.04,2.019,1.966,1.891,1.798,1.694,1.589,1.487,1.394,1.312,1.242,1.179,1.119,1.057,0.996,0.939,0.889,0.852,0.831,0.827,0.84,0.869,0.909,0.957,1.009,1.061,1.112,1.16,1.204,1.243
St. Martin (French part),,,,,,,,,,,,,,,,,,,,,,,2.44,2.4,2.29,2.24,2.06,2.13,2.13,2.2,2.12,2.05,1.94,1.84,1.84,1.84,1.84,1.84,1.83,1.83,1.83,1.83,1.83,1.83,1.83,1.83,1.82,1.82,1.82,1.82,1.82,1.82,1.82,1.81,1.81
Morocco,7.065,7.106,7.131,7.135,7.119,7.081,7.024,6.953,6.871,6.781,6.687,6.588,6.485,6.38,6.273,6.168,6.067,5.97,5.876,5.782,5.682,5.57,5.439,5.29,5.123,4.942,4.754,4.567,4.387,4.217,4.058,3.905,3.755,3.606,3.457,3.309,3.166,3.029,2.902,2.789,2.691,2.611,2.55,2.506,2.479,2.466,2.468,2.48,2.498,2.518,2.535,2.544,2.545,2.535,2.515
Monaco,,,,,,,,,,,,,,,,,,,,,,,,,,,,,,,,,,,,,,,,,,,,,,,,,,,,,,,
Moldova,3.328,3.259,3.178,3.086,2.989,2.891,2.801,2.722,2.66,2.613,2.582,2.56,2.542,2.523,2.503,2.483,2.465,2.455,2.454,2.462,2.481,2.51,2.546,2.585,2.62,2.643,2.646,2.625,2.578,2.506,2.414,2.309,2.199,2.093,1.994,1.901,1.811,1.719,1.623,1.527,1.435,1.354,1.291,1.247,1.224,1.219,1.227,1.242,1.256,1.268,1.274,1.273,1.269,1.263,1.256
Madagascar,7.3,7.3,7.3,7.3,7.3,7.301,7.304,7.31,7.316,7.322,7.325,7.325,7.318,7.3,7.269,7.216,7.129,7.008,6.857,6.687,6.514,6.359,6.24,6.165,6.135,6.146,6.182,6.225,6.256,6.268,6.258,6.225,6.179,6.126,6.066,5.999,5.924,5.841,5.749,5.651,5.548,5.443,5.337,5.233,5.133,5.039,4.952,4.87,4.794,4.722,4.654,4.59,4.528,4.468,4.409
Maldives,7.021,7.075,7.118,7.152,7.179,7.201,7.218,7.231,7.237,7.237,7.227,7.201,7.159,7.103,7.04,6.981,6.944,6.936,6.961,7.013,7.081,7.151,7.203,7.219,7.189,7.106,6.965,6.776,6.548,6.286,5.993,5.674,5.336,4.987,4.637,4.298,3.975,3.674,3.399,3.155,2.945,2.77,2.627,2.51,2.418,2.347,2.295,2.261,2.238,2.222,2.209,2.194,2.175,2.152,2.123
Middle East & North Africa (all income levels),6.86008563568002,6.87565881405689,6.88617690540206,6.88886926032758,6.882411755896,6.86469906428607,6.83443044368651,6.79175041787638,6.74139954743332,6.68287995772927,6.62055856956535,6.55801307611118,6.50051878079657,6.44601415381679,6.40043834156137,6.36555267857434,6.33677426092813,6.31197655049499,6.28666307423065,6.25690581644177,6.21818645698395,6.16798467502389,6.10298520505125,6.02258438335228,5.92357849793726,5.80257682625369,5.65636430452455,5.48989660633429,5.30627180352055,5.10988405981614,4.91197748377003,4.70723433402163,4.52088637102657,4.31686062028683,4.11684405502176,3.91771303256436,3.74283355097038,3.58233509500654,3.43480307955148,3.30188161535379,3.19103251199899,3.09623851959884,3.01732366645084,2.95909337432401,2.90905844589699,2.87463522759519,2.85661858923028,2.8506107158063,2.85535691013987,2.86309053395741,2.87506188540998,2.87978310247173,2.87995521425115,2.8679421268171,2.84720073017001
Mexico,6.768,6.762,6.758,6.754,6.752,6.755,6.768,6.789,6.813,6.831,6.83,6.789,6.7,6.558,6.366,6.13,5.864,5.587,5.317,5.064,4.836,4.635,4.456,4.295,4.149,4.018,3.898,3.786,3.68,3.578,3.478,3.382,3.291,3.206,3.126,3.051,2.982,2.917,2.857,2.8,2.747,2.697,2.649,2.604,2.561,2.521,2.483,2.447,2.415,2.385,2.356,2.328,2.3,2.272,2.243
Marshall Islands,,,,,,,,,,,,,,,,,,,,,,,,,,,,5.9,,,,,,,,,,,,5.71,,,,,,4.5,4.5,4.5,,,,4.05,,,
Middle income,5.85436377685721,5.8901403750261,5.94954779591421,5.98754242842237,6.00955618802984,6.01378951041963,5.9917565509931,5.96042851265744,5.88760909500133,5.78704911582723,5.66410973716155,5.50576820232874,5.34995418911939,5.17303515917302,4.99560793807565,4.81703747210841,4.64829650291813,4.49458259985727,4.35862370560699,4.24229080963491,4.1457515859073,4.06360955653889,4.00780751549965,3.95873721569957,3.91682708731309,3.87173574179808,3.81919289678512,3.75423781620705,3.67410409718306,3.57936097000064,3.47309298404091,3.35922902004862,3.24803861233319,3.13727178457353,3.0353809863397,2.94508949103434,2.86702277660472,2.79801101963738,2.74390290661251,2.69733992489103,2.65710704705845,2.62407242215071,2.59657331605766,2.57080041097341,2.54818188259408,2.52285760479093,2.5017561599878,2.4817548926841,2.46451530877584,2.4457236893637,2.42844471356306,2.41314339924108,2.40075917863372,2.38745129364781,2.37526591197463
"Macedonia, FYR",3.842,3.758,3.691,3.638,3.595,3.552,3.502,3.439,3.36,3.265,3.158,3.044,2.932,2.828,2.738,2.663,2.606,2.562,2.529,2.505,2.486,2.468,2.449,2.426,2.399,2.368,2.335,2.301,2.269,2.238,2.206,2.171,2.131,2.085,2.033,1.977,1.919,1.864,1.812,1.765,1.723,1.683,1.643,1.604,1.565,1.53,1.5,1.479,1.467,1.465,1.471,1.482,1.497,1.511,1.524
Mali,6.967,6.979,6.994,7.011,7.03,7.05,7.07,7.089,7.106,7.121,7.133,7.141,7.147,7.151,7.153,7.154,7.154,7.153,7.152,7.151,7.15,7.15,7.15,7.15,7.15,7.151,7.153,7.156,7.161,7.164,7.165,7.159,7.146,7.124,7.094,7.058,7.02,6.983,6.95,6.921,6.897,6.878,6.861,6.842,6.821,6.794,6.76,6.719,6.67,6.612,6.547,6.474,6.396,6.314,6.229
Malta,3.62,3.27,3.24,2.9,2.79,2.52,2.33,2.24,2.12,2.02,2.03,2.06,2.01,1.65,1.64,2.27,2.21,2.14,2.05,2.1,1.99,1.87,1.9,1.92,1.95,1.95,1.93,1.97,2.06,2.1,2.04,2.04,2.11,2,1.88,1.81,2.03,1.98,1.88,1.77,1.7,1.48,1.45,1.48,1.4,1.38,1.36,1.35,1.43,1.42,1.36,1.45,1.43,1.38,1.38
Myanmar,6.051,6.073,6.096,6.116,6.13,6.136,6.129,6.109,6.074,6.024,5.96,5.881,5.792,5.695,5.592,5.488,5.385,5.284,5.185,5.087,4.983,4.868,4.738,4.591,4.429,4.256,4.077,3.901,3.735,3.584,3.451,3.337,3.241,3.159,3.091,3.036,2.994,2.964,2.94,2.921,2.903,2.88,2.851,2.814,2.769,2.714,2.652,2.585,2.517,2.449,2.386,2.33,2.28,2.239,2.204
Middle East & North Africa (developing only),6.91974334021864,6.93733879141488,6.94953809736699,6.95384142674346,6.948013890004,6.93035384816429,6.8983231187914,6.85395915434929,6.79952409720651,6.73629299120169,6.66890063045077,6.60106197931651,6.53810076417875,6.48189336051974,6.43378008761132,6.39549551802572,6.36587482992421,6.34101679874067,6.31565555548674,6.28596240506354,6.24765057619811,6.19736874724354,6.13215111334694,6.05108177286304,5.95121121825325,5.82949809318023,5.68221809690891,5.51321649891271,5.3259721403089,5.12390060168984,4.91960112650923,4.70735705341706,4.49456929794509,4.2819429567075,4.07432252419614,3.8787037470818,3.69870492095585,3.53527525798606,3.38683928380198,3.25597371703769,3.14898044684272,3.05922126317691,2.98523358149889,2.93062644903359,2.88599776977184,2.85752398953152,2.8443642386209,2.84452571334166,2.85581814829705,2.8717104137978,2.89102863152153,2.90391624501605,2.90919574590834,2.90213611126961,2.88338071341781
Montenegro,3.603,3.522,3.436,3.344,3.246,3.145,3.046,2.953,2.871,2.8,2.737,2.68,2.624,2.567,2.507,2.447,2.391,2.341,2.3,2.268,2.243,2.224,2.208,2.192,2.175,2.156,2.137,2.12,2.104,2.091,2.078,2.063,2.046,2.025,2.002,1.977,1.951,1.927,1.906,1.888,1.875,1.865,1.858,1.852,1.847,1.84,1.832,1.82,1.805,1.787,1.767,1.745,1.725,1.706,1.689
Mongolia,6.953,7.168,7.347,7.477,7.558,7.593,7.599,7.591,7.584,7.578,7.569,7.546,7.497,7.413,7.294,7.144,6.969,6.78,6.587,6.395,6.209,6.033,5.864,5.696,5.526,5.345,5.14,4.906,4.644,4.356,4.052,3.746,3.451,3.18,2.941,2.738,2.57,2.43,2.312,2.216,2.143,2.098,2.081,2.091,2.124,2.176,2.245,2.324,2.407,2.487,2.555,2.607,2.641,2.657,2.655
Northern Mariana Islands,,,,,,,,,,,,,,,,,,,,,,,,,,,,,,,,,,,,,,,,,,,,,,,,,,,,,,,
Mozambique,6.6,6.6,6.601,6.601,6.602,6.602,6.602,6.601,6.599,6.596,6.591,6.586,6.58,6.572,6.564,6.554,6.544,6.532,6.519,6.505,6.49,6.474,6.457,6.439,6.42,6.398,6.373,6.345,6.313,6.277,6.236,6.19,6.138,6.084,6.027,5.973,5.925,5.884,5.853,5.831,5.816,5.805,5.794,5.78,5.761,5.736,5.707,5.674,5.64,5.603,5.564,5.521,5.472,5.418,5.359
Mauritania,6.775,6.787,6.794,6.798,6.799,6.799,6.798,6.798,6.795,6.791,6.784,6.774,6.759,6.739,6.713,6.681,6.641,6.594,6.541,6.484,6.426,6.368,6.314,6.264,6.219,6.178,6.14,6.103,6.065,6.024,5.98,5.932,5.88,5.825,5.768,5.708,5.647,5.585,5.524,5.463,5.403,5.344,5.286,5.228,5.171,5.114,5.058,5.002,4.947,4.891,4.835,4.778,4.721,4.662,4.603
Mauritius,6.167,6.178,6.124,5.993,5.785,5.51,5.187,4.847,4.516,4.213,3.952,3.741,3.575,3.444,3.341,3.255,3.169,3.071,2.954,2.818,2.672,2.532,2.412,2.325,2.16,2.02,1.99,2.05,2.14,2.23,2.32,2.3,2.37,2.21,2.25,2.14,2.12,2.04,1.97,2.05,1.99,1.91,1.94,1.87,1.92,1.88,1.77,1.74,1.67,1.59,1.57,1.55,1.54,1.44,1.43
Malawi,6.94,6.964,6.991,7.023,7.058,7.096,7.137,7.179,7.221,7.262,7.303,7.345,7.389,7.432,7.476,7.517,7.555,7.589,7.615,7.632,7.639,7.635,7.619,7.591,7.551,7.496,7.424,7.335,7.232,7.119,7.001,6.886,6.778,6.681,6.598,6.528,6.468,6.414,6.36,6.306,6.25,6.194,6.138,6.083,6.028,5.969,5.901,5.823,5.734,5.636,5.531,5.423,5.318,5.22,5.129
Malaysia,6.194,6.136,6.052,5.942,5.808,5.655,5.492,5.326,5.165,5.014,4.872,4.737,4.603,4.469,4.337,4.209,4.092,3.99,3.906,3.839,3.789,3.753,3.725,3.702,3.679,3.656,3.63,3.604,3.576,3.546,3.515,3.485,3.454,3.422,3.385,3.339,3.275,3.19,3.085,2.961,2.825,2.683,2.545,2.418,2.307,2.217,2.146,2.093,2.051,2.021,1.998,1.982,1.968,1.956,1.944
North America,3.66833100544864,3.63219570481859,3.48124677804555,3.34560961532281,3.21468572105156,2.93184432830255,2.7236323453,2.55515506078581,2.45654155251621,2.44426355502167,2.45855349300363,2.25386233080746,2.00706754613378,1.88008364095288,1.83519880277755,1.7790177592426,1.74384014716883,1.78919256601071,1.76080789749435,1.80254866860419,1.82942695604585,1.80064478070073,1.81355016140678,1.78694289386976,1.79066456514828,1.82642359929575,1.82107316861468,1.85251937761639,1.90814386983981,1.98898043854183,2.05518834420533,2.02523029352372,2.01152225643822,1.98680186483452,1.96763166233875,1.94357020539104,1.93706656036008,1.9284146804933,1.95172830686877,1.95753185207485,1.99929959613445,1.97785774241643,1.9703776422143,1.99561882485571,1.99921039084966,2.00518836510174,2.05567432070072,2.0736898833673,2.0326329624165,1.96829970332811,1.90025041392632,1.86574645368703,1.85311331294139,1.83238718040014,1.83592658939999
Namibia,6.15,6.167,6.184,6.199,6.216,6.236,6.263,6.301,6.347,6.401,6.459,6.517,6.57,6.613,6.642,6.654,6.647,6.622,6.581,6.524,6.451,6.362,6.259,6.145,6.022,5.893,5.76,5.625,5.491,5.358,5.227,5.098,4.97,4.842,4.715,4.589,4.466,4.345,4.229,4.119,4.018,3.926,3.844,3.773,3.714,3.667,3.635,3.616,3.608,3.606,3.605,3.6,3.586,3.56,3.522
New Caledonia,6.278,6.144,6.01,5.87333333333333,5.73666666666667,5.6,5.385,5.17,4.88,4.59,4.3,4.17571428571429,4.05142857142857,3.92714285714286,3.80285714285714,3.67857142857143,3.55428571428571,3.43,3.426,3.422,3.418,3.64,3.41,3.33,3.17,3,3.17,3.25,3.1,2.97,3.19,3.15,2.99,2.86,2.7,2.59,2.65,2.67,2.55,2.48,2.59,2.43,2.33,2.27,2.18,2.2,2.29,2.2,2.2,2.2,2.17,2.15,2.28,2.26,2.24
Niger,7.407,7.416,7.416,7.407,7.39,7.369,7.353,7.345,7.35,7.369,7.4,7.441,7.484,7.526,7.562,7.59,7.608,7.618,7.62,7.617,7.611,7.606,7.604,7.608,7.618,7.633,7.653,7.673,7.692,7.708,7.721,7.73,7.737,7.742,7.746,7.749,7.749,7.748,7.746,7.742,7.738,7.732,7.725,7.718,7.71,7.702,7.695,7.688,7.682,7.675,7.667,7.656,7.642,7.623,7.599
Nigeria,6.354,6.351,6.346,6.341,6.336,6.335,6.342,6.359,6.387,6.425,6.471,6.522,6.575,6.625,6.669,6.706,6.735,6.757,6.772,6.781,6.783,6.779,6.767,6.749,6.726,6.698,6.664,6.625,6.582,6.537,6.49,6.443,6.395,6.348,6.303,6.262,6.224,6.19,6.159,6.131,6.106,6.083,6.06,6.036,6.011,5.985,5.958,5.93,5.902,5.873,5.84,5.802,5.758,5.707,5.65
Nicaragua,7.336,7.257,7.179,7.109,7.052,7.01,6.981,6.961,6.941,6.919,6.892,6.855,6.807,6.748,6.678,6.597,6.51,6.42,6.327,6.232,6.132,6.022,5.9,5.762,5.611,5.448,5.278,5.104,4.931,4.762,4.597,4.433,4.27,4.105,3.942,3.78,3.623,3.473,3.331,3.201,3.083,2.978,2.887,2.807,2.738,2.677,2.622,2.571,2.522,2.475,2.428,2.383,2.34,2.3,2.264
Netherlands,3.12,3.22,3.18,3.19,3.17,3.04,2.9,2.81,2.72,2.75,2.57,2.36,2.15,1.9,1.77,1.66,1.63,1.58,1.58,1.56,1.6,1.56,1.5,1.47,1.49,1.51,1.55,1.56,1.55,1.55,1.62,1.61,1.59,1.57,1.57,1.53,1.53,1.56,1.63,1.65,1.72,1.71,1.73,1.75,1.72,1.71,1.72,1.72,1.77,1.79,1.79,1.76,1.72,1.68,1.68
High income: nonOECD,2.96984588177574,2.92886653399287,2.87135977779127,2.80698203658116,2.7388772489063,2.69439700707447,2.66166167788994,2.60531126231883,2.55745871464441,2.53410820565692,2.54453430290706,2.57322092492611,2.58056796763828,2.56026710053253,2.5551147976683,2.54486633290374,2.54627019792165,2.53543228737312,2.51804642825836,2.50485115360555,2.49499437101821,2.50429416318361,2.58241168835989,2.62266965545635,2.58513160030107,2.57424765342031,2.62478608384518,2.65921592395715,2.59803371042865,2.51138052795972,2.42885799954167,2.31635467189186,2.18978599304236,2.06599015645523,2.04803164208961,1.99300120229464,1.93294862022396,1.88469536717553,1.86307960227015,1.80569457570837,1.82016440834635,1.8159616253036,1.82804057926319,1.81975694351663,1.82226214350852,1.79677192188474,1.79926084958647,1.85527112078304,1.89617839082936,1.91663242729977,1.92684627666875,1.93011246978547,1.98891587691761,1.97619780724784,1.97421812962532
Norway,2.85,2.94,2.91,2.93,2.98,2.94,2.9,2.81,2.75,2.7,2.5,2.49,2.38,2.23,2.13,1.98,1.86,1.75,1.77,1.75,1.72,1.7,1.71,1.66,1.66,1.68,1.71,1.74,1.84,1.89,1.93,1.92,1.88,1.86,1.87,1.87,1.89,1.86,1.81,1.85,1.85,1.78,1.75,1.8,1.83,1.84,1.9,1.9,1.96,1.98,1.95,1.88,1.85,1.78,1.78
Nepal,5.959,5.96,5.962,5.964,5.965,5.966,5.963,5.958,5.948,5.934,5.918,5.901,5.884,5.868,5.853,5.838,5.822,5.804,5.783,5.756,5.725,5.687,5.645,5.597,5.546,5.49,5.431,5.371,5.308,5.242,5.172,5.097,5.015,4.926,4.828,4.72,4.6,4.47,4.33,4.182,4.03,3.877,3.724,3.575,3.43,3.289,3.151,3.012,2.873,2.737,2.606,2.486,2.381,2.292,2.222
New Zealand,4.129,4.099,4.107,3.989,3.733,3.54,3.41,3.354,3.332,3.269,3.158,3.194,3,2.696,2.57,2.331,2.273,2.229,2.07,2.12,2.03,2.01,1.95,1.92,1.93,1.93,1.96,2.03,2.1,2.12,2.18,2.16,2.12,2.05,2,1.99,1.96,1.96,1.89,1.97,1.98,1.97,1.89,1.93,1.98,1.97,2.01,2.18,2.19,2.13,2.17,2.09,2.1,2.01,1.92
High income: OECD,2.96403749113764,2.97043765800961,2.92065006990355,2.89900885374297,2.87723715776586,2.7756204936522,2.60550474166993,2.59603156747632,2.54626262533333,2.50233581232649,2.46236399703981,2.39534915643141,2.25178158936719,2.16514294932476,2.11133961675605,2.02111715586994,1.95970108513698,1.92885704243626,1.88372959800947,1.89435063618427,1.88483307366131,1.83960623862229,1.82978289058051,1.7902770159684,1.7618249343058,1.76119979206147,1.74092377064496,1.73633757461065,1.75387906783761,1.753123789411,1.7770471867029,1.75784252521456,1.73833481196475,1.70244144558847,1.68411849127335,1.648014576548,1.64458777676765,1.63585223182992,1.6352456145062,1.63052022084845,1.66097677562294,1.63288385741775,1.62110227549085,1.63541077626431,1.6481873296175,1.64681741817227,1.68977681596586,1.71759152351454,1.72642978115831,1.69737947742266,1.68900552812035,1.66378917654831,1.66525037020861,1.63778558447234,1.6401263978885
OECD members,3.23993892547113,3.2468934725436,3.20163481587184,3.18219734720965,3.16292641171655,3.07151019559971,2.91795884223056,2.91319177431748,2.8727154827885,2.83693277193762,2.80439666754005,2.74413229814456,2.61157498794441,2.52787875757363,2.46991866716421,2.37582651043575,2.30524334537112,2.26117373232477,2.20426438686968,2.19801359775801,2.17483623407002,2.12154839844947,2.10064105779384,2.05384361762459,2.01759793160491,2.00679182109205,1.97916332833378,1.96582351110496,1.97232689544191,1.96290465619647,1.97502264499333,1.94993062858885,1.92520389515935,1.88706526873523,1.86482804705866,1.82781044903498,1.81940213496019,1.80652547141044,1.80076662464749,1.79132345831597,1.81152782229231,1.78171529360426,1.76579767937158,1.77210142034473,1.77741312003723,1.77135691390069,1.80312727241614,1.82249793724267,1.82645506437077,1.79940578522469,1.78980166111591,1.76637752184892,1.76506764458368,1.73960368486157,1.7385522148318
Oman,7.247,7.248,7.251,7.256,7.263,7.271,7.277,7.282,7.286,7.293,7.311,7.35,7.414,7.504,7.617,7.747,7.885,8.018,8.137,8.232,8.299,8.338,8.352,8.34,8.299,8.222,8.101,7.933,7.719,7.462,7.164,6.831,6.472,6.098,5.72,5.346,4.981,4.631,4.298,3.992,3.719,3.488,3.298,3.148,3.035,2.957,2.912,2.892,2.886,2.888,2.888,2.879,2.857,2.823,2.774
Other small states,5.84695552966463,5.85962022136832,5.86508816666199,5.86185368609171,5.85014430295874,5.831366717831,5.80935234316394,5.78616053441874,5.76328134121253,5.74150933917264,5.72031187134679,5.69446529548868,5.6674951310008,5.63974855915284,5.61109933437214,5.58418108688734,5.55394955479243,5.54094302695327,5.52620610739759,5.51172688171314,5.49589427449896,5.47157591982367,5.4317559521225,5.41083814999576,5.3606462083654,5.30487646961445,5.25453598781557,5.19474583938839,5.15808678739128,5.10469639763652,5.04817441584021,4.97448404262842,4.89699821471663,4.82252832359494,4.75510901439634,4.67446018060676,4.5952302580691,4.49189350230933,4.40023443435172,4.32077743814614,4.23320440709623,4.15194775374846,4.08821029553433,4.02338344880676,3.96297719658457,3.90118045507714,3.84003655983528,3.7920128671104,3.76110910066372,3.73483009222727,3.70617546277215,3.68131757151855,3.64512963535737,3.60440991854688,3.56510057686272
Pakistan,6.6,6.6,6.6,6.6,6.6,6.6,6.6,6.6,6.6,6.6,6.601,6.602,6.605,6.608,6.611,6.612,6.608,6.599,6.583,6.561,6.535,6.508,6.483,6.46,6.436,6.407,6.367,6.31,6.234,6.138,6.024,5.896,5.76,5.622,5.482,5.342,5.198,5.048,4.892,4.733,4.58,4.438,4.314,4.211,4.129,4.067,4.02,3.98,3.942,3.901,3.855,3.802,3.744,3.682,3.617
Panama,5.87,5.846,5.812,5.765,5.707,5.638,5.559,5.472,5.378,5.279,5.173,5.06,4.939,4.81,4.675,4.537,4.398,4.26,4.128,4.002,3.884,3.775,3.675,3.581,3.494,3.413,3.336,3.262,3.19,3.121,3.057,3,2.952,2.914,2.883,2.858,2.834,2.808,2.778,2.743,2.705,2.667,2.632,2.603,2.579,2.562,2.55,2.541,2.533,2.524,2.513,2.5,2.484,2.465,2.444
Peru,6.971,6.97,6.963,6.948,6.921,6.878,6.816,6.733,6.63,6.51,6.378,6.239,6.099,5.963,5.832,5.705,5.578,5.447,5.31,5.167,5.021,4.875,4.733,4.6,4.475,4.358,4.249,4.142,4.037,3.933,3.828,3.722,3.617,3.514,3.413,3.317,3.226,3.142,3.064,2.993,2.929,2.871,2.818,2.77,2.725,2.684,2.648,2.616,2.59,2.566,2.545,2.525,2.504,2.48,2.455
Philippines,7.148,7.087,7.02,6.947,6.867,6.781,6.689,6.589,6.485,6.376,6.264,6.152,6.041,5.931,5.824,5.718,5.613,5.506,5.399,5.29,5.183,5.078,4.978,4.883,4.795,4.712,4.632,4.554,4.476,4.397,4.32,4.246,4.177,4.113,4.056,4.006,3.962,3.923,3.888,3.852,3.814,3.767,3.71,3.644,3.569,3.487,3.404,3.324,3.251,3.187,3.133,3.088,3.048,3.011,2.977
Palau,,,,,,,,,,,,,,,,,,,,,,,,,,,,,,,2.84,,,,,2.35,,,,,,,,,,2.02,,,,,,,,,
Papua New Guinea,6.275,6.278,6.278,6.275,6.268,6.258,6.244,6.227,6.208,6.187,6.163,6.137,6.108,6.077,6.041,6,5.954,5.9,5.839,5.771,5.694,5.609,5.515,5.415,5.312,5.21,5.11,5.018,4.934,4.861,4.802,4.756,4.723,4.7,4.683,4.668,4.653,4.632,4.604,4.569,4.525,4.475,4.422,4.368,4.315,4.263,4.21,4.157,4.101,4.044,3.985,3.927,3.869,3.812,3.757
Poland,2.98,2.83,2.72,2.7,2.57,2.52,2.34,2.33,2.24,2.2,2.2,2.25,2.24,2.26,2.26,2.27,2.3,2.23,2.21,2.28,2.28,2.24,2.34,2.42,2.37,2.33,2.22,2.15,2.13,2.08,2.06,2.07,1.95,1.87,1.81,1.62,1.59,1.51,1.44,1.38,1.37,1.31,1.25,1.22,1.23,1.24,1.27,1.31,1.39,1.4,1.41,1.33,1.33,1.29,1.29
Puerto Rico,4.657,4.547,4.411,4.252,4.075,3.888,3.703,3.53,3.377,3.248,3.146,3.068,3.006,2.955,2.908,2.864,2.818,2.769,2.718,2.664,2.607,2.548,2.49,2.436,2.387,2.344,2.308,2.279,2.256,2.236,2.219,2.201,2.18,2.154,2.124,2.088,1.94,1.9,1.9,1.97425,2.0485,1.9346,1.8317,1.7624,1.7822,1.7702,1.7123,1.6505,1.6516,1.6528,1.6235,1.5965,1.5425,1.47,1.47
"Korea, Dem. Peoples Rep.",4.579,4.357,4.173,4.057,4.022,4.064,4.159,4.262,4.336,4.364,4.327,4.214,4.038,3.816,3.564,3.307,3.075,2.889,2.761,2.693,2.676,2.687,2.698,2.69,2.654,2.593,2.515,2.438,2.374,2.325,2.289,2.262,2.235,2.202,2.163,2.121,2.079,2.042,2.015,1.999,1.991,1.992,1.996,2,2.004,2.005,2.006,2.005,2.005,2.004,2.003,2,1.995,1.988,1.979
Portugal,3.16,3.21,3.23,3.12,3.21,3.15,3.16,3.16,3.12,3.12,3.01,3,2.86,2.77,2.7,2.75,2.82,2.69,2.45,2.31,2.25,2.13,2.07,1.95,1.9,1.72,1.66,1.62,1.61,1.57,1.56,1.56,1.54,1.52,1.45,1.41,1.44,1.47,1.47,1.5,1.55,1.45,1.46,1.44,1.4,1.41,1.37,1.35,1.39,1.34,1.39,1.35,1.28,1.21,1.21
Paraguay,6.5,6.489,6.472,6.447,6.41,6.356,6.276,6.17,6.041,5.894,5.739,5.591,5.458,5.351,5.272,5.223,5.198,5.189,5.186,5.183,5.174,5.155,5.126,5.087,5.037,4.974,4.9,4.818,4.73,4.639,4.547,4.457,4.368,4.282,4.196,4.108,4.014,3.911,3.798,3.678,3.553,3.431,3.315,3.21,3.119,3.04,2.97,2.907,2.846,2.787,2.73,2.675,2.625,2.581,2.542
Pacific island small states,6.76739450846177,6.67253193607404,6.56285435408093,6.44221408168807,6.31554346039573,6.18766327538987,6.05931071099221,5.93380604078594,5.81311922962759,5.69861803377941,5.5919878686213,5.4954341522082,5.4075688486198,5.32894210250851,5.26144233540517,5.20354837567621,5.16309091442374,5.12657273136908,5.08820900368955,5.04375562843694,4.9903545199543,4.9257788358536,4.85335285610349,4.77728630517359,4.70201322347187,4.6297823217609,4.56386288957402,4.50454646185449,4.45228158277506,4.40495278448461,4.3603785262191,4.31374708198833,4.26584852023565,4.21588570479357,4.16326808523888,4.10841320811875,4.05593971473016,4.00242161918795,3.9495246071869,3.89867613551159,3.85016387175387,3.80129169219995,3.75562296562107,3.7122965037423,3.67017049662494,3.62882341654139,3.5905171130392,3.5509813613708,3.51062840186716,3.46971982881489,3.42861270294921,3.38945210602746,3.35109100426686,3.31356642589342,3.27692552106002
French Polynesia,5.658,5.577,5.5,5.43,5.368,5.314,5.267,5.222,5.174,5.12,5.057,4.98,4.889,4.785,4.67,4.548,4.423,4.301,4.185,4.08,3.989,3.916,3.858,3.812,3.774,3.738,3.697,3.645,3.579,3.497,3.4,3.291,3.175,3.059,2.946,2.841,2.745,2.66,2.585,2.52,2.463,2.414,2.37,2.329,2.289,2.251,2.216,2.184,2.156,2.131,2.11,2.092,2.075,2.059,2.043
Qatar,6.971,6.973,6.977,6.981,6.985,6.987,6.987,6.983,6.973,6.952,6.918,6.866,6.794,6.703,6.595,6.474,6.344,6.211,6.079,5.947,5.811,5.665,5.504,5.326,5.132,4.929,4.722,4.521,4.333,4.163,4.016,3.894,3.796,3.715,3.648,3.59,3.534,3.476,3.41,3.333,3.24,3.126,2.996,2.855,2.707,2.562,2.428,2.312,2.219,2.15,2.104,2.077,2.059,2.043,2.026
Romania,2.34,2.17,2.04,2.01,1.96,1.91,1.9,3.66,3.63,3.19,2.89,2.67,2.55,2.44,2.71,2.59,2.54,2.57,2.52,2.49,2.43,2.36,2.17,2.06,2.26,2.31,2.39,2.38,2.3,2.22,1.83,1.59,1.51,1.43,1.4,1.33,1.3,1.32,1.32,1.3,1.31,1.27,1.27,1.3,1.33,1.4,1.42,1.45,1.6,1.66,1.59,1.47,1.52,1.41,1.41
Russian Federation,2.52,2.45,2.36,2.27,2.18,2.13,2.1,2.04,1.99,1.97,1.99,2.03,2.04,2.01,2,1.98,1.97,1.95,1.92,1.9,1.89,1.91,2.04,2.11,2.06,2.05,2.15,2.22,2.12,2.01,1.89,1.732,1.552,1.385,1.4,1.34,1.277,1.23,1.24,1.17,1.21,1.25,1.3,1.31,1.33,1.29,1.3,1.41,1.49,1.54,1.57,1.58,1.7,1.7,1.7
Rwanda,8.187,8.194,8.197,8.198,8.198,8.198,8.198,8.201,8.207,8.217,8.231,8.252,8.278,8.307,8.339,8.37,8.399,8.423,8.441,8.449,8.448,8.439,8.423,8.397,8.355,8.285,8.173,8.013,7.807,7.562,7.291,7.015,6.753,6.518,6.319,6.159,6.032,5.926,5.829,5.734,5.64,5.545,5.449,5.353,5.254,5.146,5.027,4.895,4.751,4.598,4.441,4.287,4.143,4.012,3.898
South Asia,6.04565800626695,6.04525928460754,6.04088778851857,6.03189924067966,6.01676659436935,5.99491117653268,5.96715890979278,5.93312222024002,5.89338795019089,5.8481911072379,5.79751151304366,5.74031548374934,5.67689123293783,5.60790284403728,5.53523605534492,5.46094432519165,5.38872224728134,5.31856281777461,5.25159319905035,5.18740878042977,5.12522755160428,5.06166125124894,4.9946604460284,4.92269046313506,4.84555334397434,4.76207223976937,4.67223525627199,4.57832718851758,4.48222506319905,4.38430977339065,4.28767082257393,4.19330563744989,4.10252547062542,4.01525240321962,3.93176615160171,3.85112065242421,3.77219452026371,3.69414101516448,3.61627538747439,3.53826937416834,3.46059050752532,3.38437520976207,3.30898962621662,3.23561391794041,3.16416447698083,3.09375183813929,3.02448545152725,2.95601416242487,2.88720686786201,2.82124887743782,2.7578664969913,2.69931419978662,2.6460211586854,2.59908851346638,2.5576526182918
Saudi Arabia,7.216,7.23,7.243,7.252,7.257,7.26,7.262,7.264,7.267,7.273,7.28,7.289,7.299,7.307,7.312,7.313,7.309,7.299,7.281,7.252,7.206,7.138,7.047,6.933,6.798,6.649,6.493,6.338,6.189,6.045,5.904,5.76,5.604,5.433,5.247,5.045,4.83,4.608,4.388,4.175,3.976,3.797,3.639,3.504,3.392,3.3,3.224,3.16,3.101,3.044,2.987,2.93,2.873,2.818,2.765
Sudan,6.691,6.713,6.737,6.762,6.787,6.81,6.831,6.85,6.865,6.878,6.888,6.899,6.91,6.921,6.93,6.936,6.933,6.919,6.892,6.853,6.802,6.741,6.674,6.605,6.535,6.467,6.401,6.338,6.275,6.214,6.153,6.092,6.028,5.962,5.893,5.821,5.747,5.672,5.596,5.52,5.444,5.366,5.287,5.206,5.123,5.039,4.956,4.873,4.792,4.713,4.636,4.562,4.491,4.421,4.353
Senegal,6.951,6.994,7.036,7.077,7.116,7.154,7.192,7.23,7.267,7.305,7.34,7.374,7.405,7.432,7.452,7.465,7.468,7.461,7.445,7.418,7.382,7.337,7.284,7.225,7.16,7.089,7.011,6.925,6.833,6.734,6.63,6.519,6.404,6.287,6.169,6.053,5.94,5.833,5.731,5.638,5.552,5.474,5.403,5.338,5.28,5.232,5.198,5.177,5.169,5.171,5.174,5.173,5.161,5.134,5.09
Singapore,5.454,5.256,5.2,5.007,4.8525,4.698,4.498,3.946,3.562,3.246,3.086,3.038,3.048,2.8,2.359,2.079,2.111,1.82,1.759,1.791,1.737,1.723,1.706,1.608,1.615,1.614,1.433,1.621,1.956,1.754,1.865,1.77,1.76,1.778,1.75,1.71,1.696,1.635,1.494,1.475,,1.41,1.37,1.27,1.26,1.26,1.28,1.29,1.28,1.22,1.15,1.2,1.29,1.19,1.25
Solomon Islands,6.388,6.385,6.383,6.385,6.394,6.419,6.47,6.549,6.655,6.781,6.914,7.04,7.145,7.216,7.248,7.236,7.182,7.096,6.99,6.871,6.748,6.632,6.525,6.431,6.349,6.278,6.211,6.139,6.056,5.961,5.851,5.728,5.596,5.461,5.326,5.197,5.077,4.968,4.872,4.789,4.72,4.665,4.618,4.578,4.54,4.502,4.459,4.412,4.359,4.3,4.236,4.168,4.098,4.031,3.966
Sierra Leone,5.97,5.969,5.967,5.965,5.963,5.963,5.964,5.967,5.975,5.986,6.002,6.023,6.049,6.079,6.113,6.15,6.189,6.23,6.272,6.314,6.356,6.4,6.445,6.49,6.535,6.576,6.612,6.64,6.66,6.67,6.669,6.659,6.64,6.614,6.582,6.543,6.499,6.448,6.391,6.327,6.257,6.18,6.097,6.007,5.91,5.805,5.69,5.565,5.432,5.293,5.151,5.01,4.874,4.746,4.626
El Salvador,6.674,6.679,6.67,6.645,6.606,6.552,6.488,6.416,6.338,6.257,6.173,6.088,5.999,5.906,5.808,5.704,5.594,5.476,5.351,5.221,5.087,4.952,4.819,4.688,4.562,4.442,4.328,4.221,4.118,4.018,3.922,3.827,3.734,3.641,3.547,3.449,3.347,3.239,3.128,3.013,2.898,2.785,2.677,2.575,2.482,2.398,2.322,2.253,2.189,2.13,2.078,2.031,1.991,1.958,1.931
San Marino,,,,,,,,,,,,,,,,,,,,,,,,,,,,,,,,,,,,,,,,,,,,,,,,,,,,,1.26,,
Somalia,7.25,7.252,7.255,7.258,7.261,7.261,7.257,7.248,7.232,7.209,7.182,7.151,7.118,7.086,7.057,7.033,7.016,7.005,7,7.003,7.013,7.03,7.053,7.08,7.112,7.149,7.19,7.237,7.288,7.341,7.397,7.455,7.512,7.567,7.616,7.655,7.679,7.687,7.678,7.651,7.61,7.556,7.495,7.429,7.361,7.291,7.218,7.14,7.054,6.963,6.868,6.768,6.666,6.565,6.463
Serbia,,2.5,,,,,,,,,,2.3,,,,,,,,,,2.1,,,,,,,,,,1.8,,,,1.7,,1.6,,,1.48,1.58,1.57,1.59,1.57,1.45,1.43,1.38,1.4,1.44,1.4,1.4,1.45,1.43,1.43
Sub-Saharan Africa (developing only),6.6213248321289,6.63290865137193,6.64297502908339,6.6516097101005,6.65856368887296,6.66518103533181,6.67273188120021,6.68296922553431,6.69619549362722,6.71221354262801,6.72989960323776,6.74802429592696,6.76535079964712,6.7797021575854,6.7902925643287,6.79627746346774,6.7975699448365,6.79453287089269,6.78743692573226,6.77657285005538,6.76150688834497,6.74203849778291,6.71857165082219,6.69147640824732,6.66025982510361,6.62447947722602,6.58330074010673,6.53625709289293,6.48353095502463,6.4257474663199,6.36438782067992,6.29867334981246,6.23328606565231,6.16894717127259,6.10783925910636,6.04992251611267,5.99510483866936,5.94265548235101,5.8919419358362,5.84260846111305,5.79347622354878,5.74454909241998,5.69627000710632,5.64588510212317,5.59338887135737,5.53817256926633,5.48026291756792,5.42099422402178,5.3611514578901,5.30045371213408,5.23859628279956,5.17447725949323,5.10861913876625,5.04080751307044,4.97180785870434
South Sudan,6.721,6.733,6.747,6.763,6.781,6.8,6.819,6.838,6.855,6.869,6.881,6.892,6.903,6.912,6.92,6.924,6.922,6.913,6.897,6.874,6.85,6.829,6.813,6.806,6.806,6.81,6.816,6.816,6.808,6.789,6.761,6.726,6.686,6.644,6.601,6.554,6.503,6.444,6.377,6.303,6.223,6.139,6.054,5.969,5.885,5.803,5.721,5.638,5.552,5.465,5.376,5.286,5.197,5.108,5.022
Sub-Saharan Africa (all income levels),6.6200442143153,6.63164086593056,6.64172882932405,6.65039173048396,6.65737486632279,6.66401969821675,6.67159101007232,6.6818393040887,6.69507298045117,6.71110017360926,6.72880140156931,6.7469948705383,6.76439906845362,6.77883380354528,6.78950808968856,6.79557167302827,6.79652956487637,6.79391744709101,6.78685885107129,6.77602319695226,6.76097793448758,6.74148107614905,6.71745548793322,6.69087179224704,6.65964765399952,6.62387616483629,6.58273361015176,6.53518901158176,6.48305923125348,6.42532857981954,6.36402226180499,6.29836281190836,6.2325128691991,6.16874193708584,6.10768113709673,6.04980597046018,5.99502291622491,5.9420390565657,5.8913403109712,5.84202456096315,5.79291801529219,5.74398876703277,5.6957155456591,5.64536076943486,5.59286984845636,5.53769819570343,5.47979134491351,5.42056040646067,5.36073368715967,5.30006029328859,5.2381654586082,5.1740982751105,5.10824197697085,5.04042873799924,4.97141678757609
Small states,5.79520954696,5.80235069536402,5.79640749669236,5.77672536136054,5.74426639176342,5.70114983773325,5.65006886067002,5.59450265280286,5.53730082881494,5.48030971200432,5.4238753785944,5.3610094871823,5.29654460317407,5.23087295943241,5.1642524399579,5.09987974448664,5.03865544370078,4.98809676399699,4.94290682454776,4.90337388447762,4.86727753275885,4.82730753346299,4.7810097868022,4.74085620362602,4.68446015100735,4.62357621292214,4.56816289930002,4.51067490354774,4.46511316723864,4.41297141553141,4.36160494907145,4.29864767054819,4.23727176999061,4.17423595947535,4.11825010357053,4.05377836131813,3.98935861477981,3.91213000767775,3.84076365750231,3.7782846298095,3.71104985325644,3.64645714175985,3.59509539408479,3.54461085030464,3.49840320772922,3.45251170718762,3.4075881438329,3.37172966241376,3.34730372229392,3.32558400044533,3.30214559117546,3.28149175496967,3.2529749904117,3.22163219040535,3.19164357513822
Sao Tome and Principe,6.242,6.263,6.284,6.306,6.327,6.349,6.371,6.394,6.419,6.444,6.468,6.49,6.51,6.525,6.534,6.534,6.524,6.504,6.473,6.434,6.386,6.333,6.276,6.217,6.158,6.101,6.044,5.988,5.932,5.876,5.82,5.765,5.71,5.655,5.6,5.545,5.491,5.437,5.384,5.33,5.278,5.226,5.174,5.123,5.072,5.022,4.974,4.927,4.881,4.835,4.789,4.74,4.689,4.634,4.576
Suriname,6.608,6.594,6.558,6.497,6.412,6.304,6.182,6.053,5.922,5.79,5.653,5.504,5.336,5.148,4.945,4.734,4.525,4.331,4.158,4.011,3.891,3.797,3.719,3.653,3.593,3.537,3.483,3.432,3.382,3.332,3.282,3.231,3.181,3.131,3.083,3.035,2.987,2.941,2.896,2.853,2.81,2.769,2.73,2.692,2.655,2.619,2.586,2.553,2.523,2.493,2.465,2.438,2.411,2.386,2.36
Slovak Republic,3.04,2.96,2.83,2.92,2.89,2.78,2.66,2.48,2.39,2.43,2.41,2.43,2.49,2.56,2.61,2.55,2.55,2.49,2.47,2.45,2.32,2.29,2.28,2.28,2.26,2.26,2.2,2.14,2.13,2.07,2.09,2.05,1.93,1.87,1.67,1.52,1.47,1.43,1.37,1.33,1.3,1.2,1.19,1.2,1.25,1.27,1.25,1.27,1.34,1.44,1.43,1.45,1.34,1.34,1.34
Slovenia,2.341,2.333,2.327,2.32,2.312,2.301,2.287,2.272,2.258,2.243,2.231,2.22,2.213,2.207,2.202,2.195,2.183,2.166,2.14,2.106,2.064,2.016,1.93,1.81,1.74,1.71,1.67,1.65,1.63,1.52,1.46,1.42,1.33,1.33,1.32,1.29,1.28,1.25,1.23,1.21,1.26,1.21,1.21,1.2,1.25,1.26,1.31,1.38,1.53,1.53,1.57,1.56,1.58,1.55,1.55
Sweden,2.17,2.21,2.25,2.33,2.47,2.39,2.37,2.28,2.07,1.93,1.92,1.96,1.91,1.87,1.87,1.77,1.68,1.64,1.6,1.66,1.68,1.63,1.62,1.61,1.66,1.74,1.8,1.84,1.96,2.01,2.13,2.11,2.09,1.99,1.88,1.73,1.6,1.52,1.5,1.5,1.54,1.57,1.65,1.71,1.75,1.77,1.85,1.88,1.91,1.94,1.98,1.9,1.91,1.89,1.89
Swaziland,6.717,6.73,6.745,6.763,6.782,6.802,6.822,6.841,6.857,6.869,6.875,6.876,6.87,6.858,6.84,6.817,6.79,6.761,6.729,6.695,6.658,6.618,6.573,6.52,6.459,6.384,6.291,6.18,6.051,5.905,5.744,5.571,5.392,5.211,5.035,4.866,4.709,4.564,4.432,4.313,4.209,4.121,4.046,3.982,3.925,3.871,3.818,3.761,3.699,3.632,3.559,3.483,3.407,3.334,3.266
Sint Maarten (Dutch part),,,,,,,,,,,,,,,,,,,,,,,,,,,,,,,,,2.03,,,,,,,,,1.95,,,,,,1.5,1.7,1.7,,2.03,,,
Seychelles,,,,,,,,,,,,,,,,,4.5,,,,,,3.5,,,,,3,,,,,2.696,,,,,2.1,2.04,2.04,2.08,1.98,2.04,2.1,2,2.2,2.1,2.24,2.3,2.4,2.1,2.4,2.4,2.4,2.3
Syrian Arab Republic,7.467,7.497,7.522,7.541,7.555,7.564,7.569,7.572,7.574,7.574,7.572,7.566,7.556,7.537,7.51,7.472,7.422,7.359,7.285,7.197,7.094,6.976,6.843,6.695,6.534,6.359,6.168,5.963,5.748,5.529,5.313,5.11,4.925,4.76,4.618,4.495,4.386,4.282,4.178,4.07,3.958,3.841,3.723,3.609,3.499,3.399,3.312,3.238,3.178,3.131,3.093,3.06,3.027,2.991,2.95
Turks and Caicos Islands,,,,,,,,,,,,,,,,,,,,,,,,,,,,,,,,,,,,,,,,,,,,,,,,,,,,,,,
Chad,6.25,6.268,6.285,6.301,6.318,6.337,6.362,6.393,6.432,6.477,6.528,6.582,6.636,6.688,6.736,6.78,6.82,6.857,6.892,6.925,6.958,6.99,7.023,7.056,7.089,7.124,7.161,7.199,7.238,7.276,7.313,7.346,7.376,7.399,7.416,7.425,7.426,7.419,7.405,7.384,7.354,7.315,7.268,7.212,7.147,7.074,6.992,6.901,6.804,6.701,6.594,6.485,6.374,6.264,6.156
Togo,6.521,6.57,6.622,6.677,6.734,6.792,6.851,6.911,6.971,7.029,7.084,7.136,7.182,7.222,7.254,7.275,7.286,7.284,7.27,7.245,7.207,7.158,7.099,7.031,6.954,6.869,6.775,6.672,6.561,6.444,6.324,6.202,6.082,5.965,5.855,5.755,5.666,5.588,5.52,5.461,5.41,5.364,5.32,5.276,5.229,5.179,5.123,5.064,5.002,4.936,4.868,4.798,4.727,4.655,4.584
Thailand,6.147,6.151,6.155,6.157,6.151,6.129,6.084,6.009,5.903,5.764,5.595,5.397,5.181,4.953,4.721,4.488,4.257,4.03,3.808,3.594,3.392,3.202,3.024,2.859,2.707,2.571,2.451,2.346,2.256,2.179,2.113,2.055,2.003,1.956,1.911,1.867,1.823,1.781,1.742,1.705,1.671,1.641,1.616,1.595,1.58,1.568,1.561,1.557,1.553,1.551,1.547,1.542,1.534,1.524,1.512
Tajikistan,6.235,6.266,6.308,6.365,6.433,6.513,6.602,6.693,6.775,6.841,6.878,6.87,6.814,6.713,6.572,6.402,6.22,6.043,5.887,5.759,5.663,5.601,5.561,5.533,5.51,5.486,5.453,5.408,5.347,5.27,5.175,5.067,4.95,4.83,4.709,4.588,4.465,4.34,4.214,4.089,3.969,3.857,3.756,3.669,3.597,3.543,3.51,3.495,3.493,3.502,3.514,3.523,3.525,3.514,3.49
Turkmenistan,6.415,6.537,6.626,6.668,6.663,6.616,6.545,6.469,6.403,6.35,6.302,6.249,6.175,6.071,5.939,5.783,5.612,5.441,5.279,5.135,5.012,4.915,4.836,4.772,4.718,4.669,4.623,4.572,4.513,4.44,4.345,4.222,4.071,3.898,3.707,3.512,3.325,3.159,3.021,2.914,2.837,2.783,2.741,2.701,2.66,2.615,2.569,2.523,2.482,2.445,2.411,2.381,2.353,2.326,2.301
Timor-Leste,6.373,6.376,6.375,6.367,6.347,6.314,6.268,6.207,6.132,6.039,5.917,5.751,5.541,5.298,5.037,4.794,4.611,4.514,4.513,4.606,4.767,4.956,5.13,5.256,5.324,5.336,5.308,5.271,5.256,5.273,5.34,5.469,5.651,5.874,6.125,6.384,6.627,6.832,6.986,7.079,7.112,7.092,7.037,6.965,6.64875,6.3325,6.01625,5.7,5.7,5.7,5.6,5.5,5.3,5.2,5.1
Tonga,7.363,7.346,7.302,7.226,7.117,6.974,6.795,6.59,6.371,6.15,5.941,5.761,5.616,5.512,5.449,5.426,5.438,5.471,5.509,5.541,5.553,5.532,5.475,5.385,5.266,5.128,4.989,4.864,4.763,4.691,4.644,4.612,4.583,4.547,4.501,4.447,4.391,4.34,4.3,4.27,4.25,4.236,4.221,4.202,4.177,4.144,4.104,4.059,4.012,3.963,3.913,3.864,3.815,3.768,3.722
Trinidad and Tobago,5.264,5.177,5.047,4.873,4.664,4.433,4.2,3.985,3.802,3.658,3.554,3.484,3.432,3.389,3.349,3.313,3.287,3.273,3.271,3.278,3.284,3.281,3.261,3.218,3.151,3.06,2.949,2.827,2.7,2.574,2.453,2.339,2.231,2.131,2.04,1.961,1.896,1.843,1.801,1.772,1.753,1.744,1.744,1.749,1.758,1.769,1.78,1.79,1.799,1.804,1.806,1.804,1.798,1.789,1.778
Tunisia,7.043,7.088,7.118,7.125,7.107,7.059,6.978,6.869,6.737,6.59,6.438,6.292,6.16,6.046,5.95,5.867,5.79,5.706,5.606,5.488,5.349,5.189,5.015,4.833,4.645,4.454,4.265,4.077,3.893,3.714,3.38,3.31,3.27,3.12,2.9,2.67,2.51,2.38,2.23,2.09,2.08,2.05,2,2.06,2.02,2.04,2.03,2.04,2.06,2.05,2.13,2.15,2.2,2.2,2.2
Turkey,6.303,6.241,6.175,6.104,6.029,5.951,5.874,5.797,5.721,5.644,5.563,5.475,5.375,5.263,5.14,5.008,4.872,4.738,4.608,4.483,4.361,4.239,4.114,3.982,3.844,3.703,3.563,3.426,3.298,3.181,3.076,2.986,2.908,2.84,2.781,2.728,2.679,2.63,2.581,2.531,2.479,2.426,2.376,2.329,2.287,2.25,2.219,2.193,2.17,2.151,2.134,2.118,2.103,2.087,2.07
Tuvalu,,,,,,,,,,,,,,,,,,,,,,,,,,,,,,,,,,,,,,,,,,,,,,,,,,,,,,,
Tanzania,6.806,6.806,6.804,6.803,6.801,6.798,6.795,6.791,6.785,6.778,6.771,6.765,6.761,6.758,6.755,6.751,6.743,6.73,6.711,6.685,6.653,6.618,6.58,6.542,6.504,6.465,6.424,6.379,6.328,6.273,6.213,6.148,6.081,6.013,5.946,5.883,5.828,5.78,5.741,5.711,5.689,5.675,5.666,5.659,5.651,5.638,5.616,5.585,5.542,5.489,5.427,5.359,5.287,5.215,5.145
Uganda,6.999,7.019,7.04,7.06,7.078,7.094,7.106,7.113,7.117,7.118,7.115,7.111,7.107,7.103,7.1,7.099,7.099,7.099,7.099,7.1,7.1,7.101,7.101,7.102,7.103,7.103,7.103,7.102,7.1,7.097,7.091,7.082,7.071,7.057,7.039,7.018,6.994,6.967,6.937,6.903,6.865,6.822,6.772,6.716,6.653,6.583,6.507,6.424,6.337,6.247,6.154,6.059,5.964,5.869,5.775
Ukraine,2.24,2.17,2.14,2.06,1.96,1.99,2.02,2.01,1.998,2.04,2.09,2.12,2.08,2.04,2.04,2.02,1.99,1.94,1.96,1.96,1.95,1.93,1.98,2.08,2.09,2.06,2.08,2.05,2.02,1.92,1.844,1.773,1.674,1.563,1.47,1.397,1.332,1.27,1.207,1.121,1.11,1.085,1.126,1.172,1.218,1.213,1.31,1.345,1.458,1.473,1.443,1.459,1.531,1.506,1.498
Upper middle income,5.8024269273334,5.87093290750916,5.9882086486509,6.06973128897509,6.12583050639284,6.14576302338332,6.11983656123773,6.08297480047784,5.9700407564588,5.80534661371164,5.60139065894562,5.33825141018251,5.08652368874781,4.79937084730608,4.51360784958533,4.22911351409963,3.96641502161893,3.73324861572586,3.53151676566958,3.36862873791363,3.2446992064329,3.15896353377292,3.11617462163253,3.09233425409257,3.08694752477954,3.0798795824108,3.06111299281156,3.02113219885408,2.95489407402595,2.86139557713522,2.74083577362841,2.60535227898018,2.47109925209581,2.33851401902555,2.21851292863805,2.11390082167986,2.03098186805336,1.96504183751318,1.91758483171091,1.88385435387243,1.86131792072158,1.84791572643724,1.84001754390955,1.83594107536426,1.83365019448569,1.82838691053161,1.82488796758138,1.82188512557117,1.82209525218766,1.82013702141383,1.82034297569844,1.82070050853561,1.82322388242287,1.82352062373695,1.82517941337502
Uruguay,2.88,2.886,2.884,2.874,2.858,2.841,2.83,2.831,2.844,2.869,2.902,2.938,2.969,2.989,2.995,2.983,2.953,2.907,2.852,2.789,2.726,2.666,2.615,2.574,2.546,2.53,2.524,2.524,2.525,2.525,2.52,2.509,2.49,2.465,2.435,2.4,2.363,2.327,2.294,2.266,2.242,2.222,2.205,2.189,2.174,2.158,2.142,2.126,2.11,2.094,2.078,2.063,2.048,2.033,2.02
United States,3.654,3.62,3.461,3.319,3.19,2.913,2.721,2.558,2.464,2.456,2.48,2.266,2.01,1.879,1.835,1.774,1.738,1.79,1.76,1.808,1.8395,1.812,1.8275,1.799,1.8065,1.844,1.8375,1.872,1.934,2.014,2.081,2.0625,2.046,2.0195,2.0015,1.978,1.976,1.971,1.999,2.0075,2.056,2.0305,2.0205,2.0475,2.0515,2.057,2.108,2.12,2.072,2.002,1.931,1.8945,1.8805,1.8575,1.8615
Uzbekistan,6.707,6.755,6.783,6.79,6.777,6.748,6.707,6.66,6.608,6.552,6.492,6.422,6.338,6.237,6.119,5.983,5.829,5.66,5.482,5.302,5.127,4.968,4.829,4.711,4.616,4.539,4.474,4.5,4.28,4.179,4.072,4.199,4.004,3.8,3.537,3.596,3.32,3.082,2.815,2.72,2.58,2.46,2.52,2.36,2.46,2.36,2.39,2.55,2.64,2.53,2.34,2.3,2.3,2.3,2.2
St. Vincent and the Grenadines,7.224,7.155,7.074,6.981,6.876,6.76,6.632,6.494,6.345,6.185,6.014,5.828,5.629,5.417,5.197,4.973,4.752,4.54,4.339,4.154,3.985,3.832,3.692,3.561,3.439,3.328,3.23,3.144,3.072,3.01,2.956,2.907,2.86,2.811,2.76,2.703,2.641,2.576,2.509,2.442,2.379,2.321,2.271,2.229,2.196,2.17,2.149,2.131,2.112,2.092,2.07,2.046,2.021,1.997,1.974
"Venezuela, RB",6.616,6.637,6.628,6.581,6.495,6.368,6.203,6.014,5.811,5.605,5.404,5.219,5.053,4.905,4.779,4.67,4.574,4.483,4.391,4.296,4.199,4.104,4.014,3.933,3.861,3.794,3.73,3.665,3.597,3.524,3.448,3.37,3.292,3.218,3.147,3.082,3.022,2.967,2.915,2.867,2.822,2.779,2.739,2.701,2.664,2.629,2.595,2.562,2.531,2.501,2.472,2.444,2.417,2.391,2.365
Virgin Islands (U.S.),5.615,5.651,5.679,5.696,5.698,5.679,5.634,5.561,5.459,5.328,5.167,4.976,4.76,4.527,4.286,4.047,3.818,3.607,3.42,3.261,3.138,3.053,3,2.973,2.967,2.973,2.986,2.997,2.999,2.987,2.954,2.895,2.813,2.712,2.599,2.481,2.367,2.265,2.184,2.128,2.06,1.9,2.19,2.05,2.15,2.23,2.02,1.97,1.91,1.86,1.81,1.8,1.78,1.77,1.75
Vietnam,6.348,6.392,6.425,6.448,6.464,6.475,6.485,6.493,6.494,6.487,6.465,6.421,6.35,6.251,6.125,5.973,5.8,5.614,5.423,5.232,5.046,4.865,4.691,4.521,4.359,4.205,4.062,3.929,3.802,3.68,3.553,3.415,3.26,3.089,2.904,2.714,2.529,2.359,2.213,2.096,2.01,1.954,1.92,1.901,1.894,1.894,1.901,1.911,1.923,1.935,1.946,1.953,1.957,1.96,1.961
Vanuatu,7.197,7.12,7.033,6.938,6.836,6.73,6.626,6.526,6.433,6.348,6.272,6.202,6.134,6.067,5.999,5.929,5.858,5.787,5.716,5.645,5.575,5.503,5.43,5.356,5.282,5.209,5.141,5.078,5.022,4.971,4.927,4.887,4.85,4.814,4.775,4.73,4.677,4.614,4.542,4.459,4.368,4.268,4.162,4.056,3.95,3.851,3.76,3.679,3.608,3.549,3.499,3.456,3.419,3.383,3.347
West Bank and Gaza,,,,,,,,,,,,,,,,,,,,,,,,,,,,,,,6.719,6.675,6.608,6.515,6.396,6.251,6.085,5.907,5.729,5.554,5.39,5.24,5.105,4.983,4.875,4.782,4.7,4.627,4.56,4.496,4.433,4.369,4.305,4.241,4.176
World,4.98437395884682,5.00815433681647,5.03036915297122,5.05073993190512,5.0612507939282,5.04483051516807,4.99520308492276,4.97831882409841,4.92727418365113,4.86020888314933,4.78234448864229,4.67495900544139,4.54694614247257,4.41867126912482,4.29676636625904,4.16499584544096,4.04666033271866,3.94346601566482,3.84843751801346,3.7786140358488,3.718062990652,3.66028699015641,3.63030882183878,3.59749922074336,3.56741924675113,3.54146128978448,3.50833335852664,3.46824846395415,3.41633679296184,3.34869484943644,3.27700851885995,3.18932934966351,3.1027354261567,3.01364121575463,2.93893818115295,2.8675820577792,2.80961278740652,2.75777447236623,2.71908617295906,2.6833901027749,2.66154964578876,2.63271537424646,2.61187121434948,2.59528811021172,2.58104700301389,2.56124913511846,2.55168854953213,2.54271120435374,2.53212657206536,2.51416466574167,2.49992387517261,2.48447736540203,2.47745369909025,2.46265634064718,2.45354799914227
Samoa,7.651,7.645,7.63,7.604,7.567,7.519,7.462,7.4,7.334,7.265,7.194,7.119,7.039,6.952,6.859,6.761,6.656,6.547,6.434,6.32,6.203,6.086,5.968,5.85,5.734,5.62,5.51,5.404,5.303,5.208,5.118,5.034,4.956,4.882,4.815,4.751,4.692,4.637,4.587,4.541,4.503,4.476,4.46,4.454,4.456,4.46,4.46,4.45,4.426,4.389,4.338,4.277,4.212,4.147,4.086
"Yemen, Rep.",7.38,7.405,7.437,7.475,7.519,7.566,7.611,7.654,7.694,7.732,7.774,7.826,7.894,7.98,8.081,8.193,8.311,8.427,8.532,8.622,8.697,8.756,8.804,8.84,8.864,8.873,8.865,8.838,8.789,8.714,8.607,8.459,8.27,8.045,7.792,7.521,7.248,6.986,6.744,6.527,6.335,6.164,6.002,5.842,5.68,5.515,5.347,5.18,5.016,4.856,4.703,4.556,4.416,4.284,4.16
South Africa,6.173,6.144,6.103,6.049,5.984,5.911,5.836,5.765,5.7,5.643,5.591,5.539,5.482,5.415,5.338,5.251,5.159,5.064,4.969,4.877,4.786,4.695,4.602,4.504,4.402,4.293,4.177,4.052,3.923,3.791,3.658,3.53,3.408,3.296,3.196,3.11,3.04,2.983,2.937,2.899,2.866,2.834,2.801,2.763,2.721,2.675,2.627,2.58,2.538,2.5,2.467,2.438,2.412,2.387,2.363
"Congo, Dem. Rep.",6.001,6.015,6.03,6.048,6.067,6.089,6.111,6.135,6.161,6.187,6.214,6.242,6.271,6.301,6.333,6.366,6.403,6.443,6.487,6.535,6.585,6.638,6.694,6.75,6.805,6.858,6.907,6.953,6.994,7.029,7.058,7.081,7.099,7.111,7.119,7.122,7.12,7.112,7.099,7.079,7.053,7.018,6.975,6.924,6.865,6.799,6.725,6.646,6.563,6.476,6.386,6.294,6.199,6.103,6.006
Zambia,7.018,7.071,7.127,7.184,7.24,7.292,7.338,7.376,7.405,7.425,7.437,7.442,7.445,7.444,7.441,7.431,7.412,7.381,7.335,7.277,7.209,7.133,7.055,6.978,6.904,6.834,6.767,6.701,6.634,6.568,6.502,6.439,6.38,6.325,6.276,6.233,6.196,6.165,6.139,6.116,6.097,6.08,6.064,6.048,6.028,6.001,5.963,5.911,5.847,5.772,5.687,5.599,5.511,5.429,5.353
Zimbabwe,7.158,7.215,7.267,7.311,7.347,7.373,7.391,7.403,7.411,7.415,7.417,7.419,7.42,7.417,7.41,7.395,7.369,7.33,7.273,7.196,7.095,6.967,6.811,6.633,6.435,6.223,6.004,5.784,5.569,5.365,5.176,5.001,4.84,4.69,4.553,4.431,4.326,4.237,4.165,4.108,4.065,4.036,4.018,4.008,4.005,4.006,4.012,4.022,4.034,4.044,4.048,4.039,4.016,3.977,3.923