datasetid,"country","year","value"
1,"Norway","2000","18.2"
2,"Australia","2000","20.5"
3,"Switzerland","2000","14.8"
4,"Netherlands","2000","16.5"
5,"United States","2000","15.8"
6,"Germany","2000",""
7,"New Zealand","2000","18.2"
8,"Canada","2000","16.2"
9,"Singapore","2000",""
10,"Denmark","2000","16.8"
11,"Ireland","2000","17.2"
12,"Sweden","2000","20.6"
13,"Iceland","2000","17.8"
14,"United Kingdom","2000","16.3"
15,"Korea (Republic of)","2000","15"
16,"Hong Kong, China (SAR)","2000",""
17,"Japan","2000","14.5"
18,"Liechtenstein","2000",""
19,"Israel","2000","15.5"
20,"France","2000","15.9"
21,"Luxembourg","2000",""
22,"Belgium","2000","18.7"
23,"Austria","2000","15.4"
24,"Finland","2000","18.5"
25,"Slovenia","2000","15.3"
26,"Italy","2000","15.3"
27,"Spain","2000","16.3"
28,"Czech Republic","2000","14"
29,"Greece","2000","14.5"
30,"Brunei Darussalam","2000","13.5"
31,"Qatar","2000",""
32,"Cyprus","2000","12.6"
33,"Estonia","2000","15.7"
34,"Saudi Arabia","2000",""
35,"Poland","2000","15.2"
36,"Lithuania","2000","15.1"
37,"Slovakia","2000","13.4"
38,"Andorra","2000",""
39,"Malta","2000","12.5"
40,"United Arab Emirates","2000",""
41,"Portugal","2000","16"
42,"Chile","2000","12.8"
43,"Hungary","2000","14.5"
44,"Cuba","2000","12.4"
45,"Bahrain","2000",""
46,"Kuwait","2000",""
47,"Croatia","2000","12.4"
48,"Latvia","2000","15.1"
49,"Argentina","2000","15.3"
50,"Uruguay","2000","15"
51,"Montenegro","2000",""
52,"Bahamas","2000",""
53,"Belarus","2000",""
54,"Romania","2000","11.9"
55,"Libya","2000",""
56,"Oman","2000",""
57,"Russian Federation","2000",""
58,"Bulgaria","2000","13.2"
59,"Barbados","2000","15.5"
60,"Palau","2000","14.6"
61,"Antigua and Barbuda","2000",""
62,"Malaysia","2000","12.2"
63,"Mauritius","2000","12.1"
64,"Trinidad and Tobago","2000",""
65,"Panama","2000","12.8"
66,"Lebanon","2000","15.4"
67,"Venezuela (Bolivarian Republic of)","2000","11"
68,"Costa Rica","2000",""
69,"Turkey","2000",""
70,"Kazakhstan","2000","13"
71,"Seychelles","2000","13.2"
72,"Mexico","2000","11.4"
73,"Sri Lanka","2000",""
74,"Saint Kitts and Nevis","2000",""
75,"Iran (Islamic Republic of)","2000","11.2"
76,"Azerbaijan","2000",""
77,"Serbia","2000",""
78,"Jordan","2000","13"
79,"Grenada","2000",""
80,"Georgia","2000","11.7"
81,"Brazil","2000",""
82,"Peru","2000",""
83,"Ukraine","2000","12.8"
84,"The former Yugoslav Republic of Macedonia","2000","11.6"
85,"Belize","2000",""
86,"Bosnia and Herzegovina","2000",""
87,"Armenia","2000","11.5"
88,"Fiji","2000",""
89,"Thailand","2000",""
90,"Tunisia","2000",""
91,"Saint Vincent and the Grenadines","2000","13.3"
92,"China","2000",""
93,"Dominica","2000",""
94,"Algeria","2000",""
95,"Albania","2000","10"
96,"Jamaica","2000","11.2"
97,"Saint Lucia","2000",""
98,"Ecuador","2000",""
99,"Colombia","2000","11.7"
100,"Tonga","2000",""
101,"Suriname","2000",""
102,"Dominican Republic","2000",""
103,"Turkmenistan","2000",""
104,"Mongolia","2000","10.3"
105,"Maldives","2000","12.4"
106,"Samoa","2000","12.4"
107,"Palestine, State of","2000","11.6"
108,"Indonesia","2000",""
109,"Botswana","2000","11.8"
110,"Egypt","2000",""
111,"Paraguay","2000","11.8"
112,"Gabon","2000",""
113,"Bolivia (Plurinational State of)","2000",""
114,"Moldova (Republic of)","2000","11.7"
115,"El Salvador","2000","10.6"
116,"Uzbekistan","2000","10.6"
117,"Philippines","2000",""
118,"Syrian Arab Republic","2000",""
119,"South Africa","2000",""
120,"Iraq","2000","7.4"
121,"Viet Nam","2000",""
122,"Guyana","2000",""
123,"Cape Verde","2000",""
124,"Micronesia (Federated States of)","2000",""
125,"Kyrgyzstan","2000","11.9"
126,"Guatemala","2000",""
127,"Namibia","2000","11.7"
128,"Timor-Leste","2000",""
129,"Morocco","2000","7.6"
130,"Honduras","2000",""
131,"Vanuatu","2000","10.1"
132,"Nicaragua","2000",""
133,"Tajikistan","2000","8.8"
134,"Kiribati","2000","11"
135,"India","2000","7.4"
136,"Cambodia","2000","6.8"
137,"Bhutan","2000",""
138,"Ghana","2000","7.5"
139,"Lao People's Democratic Republic","2000","7"
140,"Congo","2000","7.3"
141,"Zambia","2000",""
142,"Sao Tome and Principe","2000",""
143,"Bangladesh","2000",""
144,"Equatorial Guinea","2000","6.9"
145,"Nepal","2000","7.9"
146,"Pakistan","2000",""
147,"Kenya","2000","8.2"
148,"Swaziland","2000","9"
149,"Angola","2000",""
150,"Myanmar","2000",""
151,"Rwanda","2000",""
152,"Nigeria","2000","7.1"
153,"Cameroon","2000",""
154,"Yemen","2000",""
155,"Madagascar","2000",""
156,"Zimbabwe","2000","9.5"
157,"Solomon Islands","2000","6.2"
158,"Papua New Guinea","2000",""
159,"Tanzania (United Republic of)","2000",""
160,"Comoros","2000","8.6"
161,"Mauritania","2000",""
162,"Lesotho","2000","10.9"
163,"Senegal","2000",""
164,"Uganda","2000","10.1"
165,"Benin","2000","4.9"
166,"Togo","2000","7.5"
167,"Sudan","2000",""
168,"Haiti","2000",""
169,"Afghanistan","2000",""
170,"Djibouti","2000","2.4"
171,"C te d'Ivoire","2000",""
172,"Gambia","2000",""
173,"Ethiopia","2000","3.4"
174,"Malawi","2000","9.8"
175,"Liberia","2000","8.9"
176,"Mali","2000","4.1"
177,"Guinea-Bissau","2000",""
178,"Mozambique","2000","4.9"
179,"Guinea","2000",""
180,"Burundi","2000",""
181,"Burkina Faso","2000","2.8"
182,"Eritrea","2000","3.5"
183,"Sierra Leone","2000",""
184,"Chad","2000","3.4"
185,"Central African Republic","2000",""
186,"Congo (Democratic Republic of the)","2000",""
187,"Niger","2000",""
188,"South Sudan","2000",""
189,"Tuvalu","2000",""
190,"Somalia","2000",""
191,"San Marino","2000",""
192,"Nauru","2000","9.9"
193,"Monaco","2000",""
194,"Marshall Islands","2000",""
195,"Korea (Democratic People's Rep. of)","2000",""
196,"Norway","2005","18.2"
197,"Australia","2005","20.2"
198,"Switzerland","2005","14.9"
199,"Netherlands","2005","16.3"
200,"United States","2005","16.6"
201,"Germany","2005",""
202,"New Zealand","2005","20"
203,"Canada","2005",""
204,"Singapore","2005",""
205,"Denmark","2005","17.5"
206,"Ireland","2005","17.8"
207,"Sweden","2005","16.7"
208,"Iceland","2005","19.2"
209,"United Kingdom","2005","17.1"
210,"Korea (Republic of)","2005","15.5"
211,"Hong Kong, China (SAR)","2005","13.1"
212,"Japan","2005","14.8"
213,"Liechtenstein","2005",""
214,"Israel","2005","16.2"
215,"France","2005","16.2"
216,"Luxembourg","2005",""
217,"Belgium","2005","16"
218,"Austria","2005","15.1"
219,"Finland","2005","17.7"
220,"Slovenia","2005","17.3"
221,"Italy","2005","16.4"
222,"Spain","2005","16.4"
223,"Czech Republic","2005","15.1"
224,"Greece","2005","17"
225,"Brunei Darussalam","2005","14.5"
226,"Qatar","2005","14"
227,"Cyprus","2005","13.7"
228,"Estonia","2005","17.5"
229,"Saudi Arabia","2005","12.5"
230,"Poland","2005","15.7"
231,"Lithuania","2005","17.2"
232,"Slovakia","2005","14.6"
233,"Andorra","2005",""
234,"Malta","2005","14.1"
235,"United Arab Emirates","2005",""
236,"Portugal","2005","15.7"
237,"Chile","2005","13.9"
238,"Hungary","2005","15.7"
239,"Cuba","2005","15.4"
240,"Bahrain","2005",""
241,"Kuwait","2005",""
242,"Croatia","2005","14.2"
243,"Latvia","2005","17.3"
244,"Argentina","2005","16.1"
245,"Uruguay","2005","16.2"
246,"Montenegro","2005","13.5"
247,"Bahamas","2005",""
248,"Belarus","2005",""
249,"Romania","2005","13.7"
250,"Libya","2005",""
251,"Oman","2005","11.1"
252,"Russian Federation","2005","14.2"
253,"Bulgaria","2005","13.5"
254,"Barbados","2005",""
255,"Palau","2005",""
256,"Antigua and Barbuda","2005",""
257,"Malaysia","2005","12.7"
258,"Mauritius","2005","13.6"
259,"Trinidad and Tobago","2005",""
260,"Panama","2005","13.4"
261,"Lebanon","2005","13.1"
262,"Venezuela (Bolivarian Republic of)","2005",""
263,"Costa Rica","2005","12.1"
264,"Turkey","2005","11"
265,"Kazakhstan","2005","15.4"
266,"Seychelles","2005","13.9"
267,"Mexico","2005","12.1"
268,"Sri Lanka","2005",""
269,"Saint Kitts and Nevis","2005",""
270,"Iran (Islamic Republic of)","2005","11.4"
271,"Azerbaijan","2005",""
272,"Serbia","2005",""
273,"Jordan","2005","13.9"
274,"Grenada","2005",""
275,"Georgia","2005","12.6"
276,"Brazil","2005",""
277,"Peru","2005","12.8"
278,"Ukraine","2005","14.4"
279,"The former Yugoslav Republic of Macedonia","2005","11.8"
280,"Belize","2005","13.1"
281,"Bosnia and Herzegovina","2005",""
282,"Armenia","2005",""
283,"Fiji","2005",""
284,"Thailand","2005","12.5"
285,"Tunisia","2005","14.5"
286,"Saint Vincent and the Grenadines","2005",""
287,"China","2005",""
288,"Dominica","2005",""
289,"Algeria","2005","12.1"
290,"Albania","2005",""
291,"Jamaica","2005",""
292,"Saint Lucia","2005","13.1"
293,"Ecuador","2005",""
294,"Colombia","2005","12.7"
295,"Tonga","2005",""
296,"Suriname","2005",""
297,"Dominican Republic","2005",""
298,"Turkmenistan","2005",""
299,"Mongolia","2005","13.5"
300,"Maldives","2005",""
301,"Samoa","2005",""
302,"Palestine, State of","2005","13.1"
303,"Indonesia","2005",""
304,"Botswana","2005","12.1"
305,"Egypt","2005",""
306,"Paraguay","2005","12"
307,"Gabon","2005",""
308,"Bolivia (Plurinational State of)","2005",""
309,"Moldova (Republic of)","2005","12.5"
310,"El Salvador","2005","11.7"
311,"Uzbekistan","2005","11.3"
312,"Philippines","2005","11.9"
313,"Syrian Arab Republic","2005","11.2"
314,"South Africa","2005",""
315,"Iraq","2005",""
316,"Viet Nam","2005",""
317,"Guyana","2005","11.9"
318,"Cape Verde","2005","11.8"
319,"Micronesia (Federated States of)","2005",""
320,"Kyrgyzstan","2005","12.9"
321,"Guatemala","2005",""
322,"Namibia","2005","11.5"
323,"Timor-Leste","2005",""
324,"Morocco","2005","9.3"
325,"Honduras","2005",""
326,"Vanuatu","2005",""
327,"Nicaragua","2005",""
328,"Tajikistan","2005","9.7"
329,"Kiribati","2005","12.9"
330,"India","2005",""
331,"Cambodia","2005",""
332,"Bhutan","2005","9.3"
333,"Ghana","2005","8.2"
334,"Lao People's Democratic Republic","2005","7.9"
335,"Congo","2005",""
336,"Zambia","2005",""
337,"Sao Tome and Principe","2005","10"
338,"Bangladesh","2005","8.5"
339,"Equatorial Guinea","2005",""
340,"Nepal","2005","9.2"
341,"Pakistan","2005","5.6"
342,"Kenya","2005","9.4"
343,"Swaziland","2005","9.7"
344,"Angola","2005",""
345,"Myanmar","2005",""
346,"Rwanda","2005",""
347,"Nigeria","2005","8.2"
348,"Cameroon","2005","7.4"
349,"Yemen","2005","6.7"
350,"Madagascar","2005","8.8"
351,"Zimbabwe","2005",""
352,"Solomon Islands","2005","8"
353,"Papua New Guinea","2005",""
354,"Tanzania (United Republic of)","2005",""
355,"Comoros","2005",""
356,"Mauritania","2005","7.1"
357,"Lesotho","2005","11"
358,"Senegal","2005",""
359,"Uganda","2005",""
360,"Benin","2005","7"
361,"Togo","2005","8.6"
362,"Sudan","2005",""
363,"Haiti","2005",""
364,"Afghanistan","2005",""
365,"Djibouti","2005","3.7"
366,"C te d'Ivoire","2005",""
367,"Gambia","2005",""
368,"Ethiopia","2005","5.7"
369,"Malawi","2005","9.5"
370,"Liberia","2005",""
371,"Mali","2005",""
372,"Guinea-Bissau","2005",""
373,"Mozambique","2005","7.3"
374,"Guinea","2005","5.8"
375,"Burundi","2005","5.3"
376,"Burkina Faso","2005","4"
377,"Eritrea","2005",""
378,"Sierra Leone","2005",""
379,"Chad","2005","4.1"
380,"Central African Republic","2005",""
381,"Congo (Democratic Republic of the)","2005",""
382,"Niger","2005","3.1"
383,"South Sudan","2005",""
384,"Tuvalu","2005",""
385,"Somalia","2005",""
386,"San Marino","2005",""
387,"Nauru","2005","10.7"
388,"Monaco","2005",""
389,"Marshall Islands","2005",""
390,"Korea (Democratic People's Rep. of)","2005",""
391,"Norway","2006","18.3"
392,"Australia","2006","19"
393,"Switzerland","2006","15"
394,"Netherlands","2006","16.5"
395,"United States","2006","16.6"
396,"Germany","2006",""
397,"New Zealand","2006","20"
398,"Canada","2006",""
399,"Singapore","2006",""
400,"Denmark","2006","17.4"
401,"Ireland","2006","17.8"
402,"Sweden","2006","16.6"
403,"Iceland","2006","19.4"
404,"United Kingdom","2006","16.6"
405,"Korea (Republic of)","2006","15.6"
406,"Hong Kong, China (SAR)","2006","13.2"
407,"Japan","2006","14.9"
408,"Liechtenstein","2006","13.5"
409,"Israel","2006","16"
410,"France","2006","16.1"
411,"Luxembourg","2006","13.6"
412,"Belgium","2006","16.1"
413,"Austria","2006","15.4"
414,"Finland","2006","17.7"
415,"Slovenia","2006","17.5"
416,"Italy","2006","16.6"
417,"Spain","2006","16.5"
418,"Czech Republic","2006","15.3"
419,"Greece","2006","17.3"
420,"Brunei Darussalam","2006","14.7"
421,"Qatar","2006",""
422,"Cyprus","2006","13.7"
423,"Estonia","2006","17.5"
424,"Saudi Arabia","2006",""
425,"Poland","2006","15.6"
426,"Lithuania","2006","17.4"
427,"Slovakia","2006","14.9"
428,"Andorra","2006",""
429,"Malta","2006",""
430,"United Arab Emirates","2006",""
431,"Portugal","2006","15.7"
432,"Chile","2006","13.9"
433,"Hungary","2006","15.8"
434,"Cuba","2006","16.8"
435,"Bahrain","2006",""
436,"Kuwait","2006",""
437,"Croatia","2006","14.3"
438,"Latvia","2006","17.3"
439,"Argentina","2006","16.4"
440,"Uruguay","2006","16.3"
441,"Montenegro","2006","14"
442,"Bahamas","2006",""
443,"Belarus","2006",""
444,"Romania","2006","13.9"
445,"Libya","2006",""
446,"Oman","2006","11"
447,"Russian Federation","2006","14.2"
448,"Bulgaria","2006","13.6"
449,"Barbados","2006",""
450,"Palau","2006",""
451,"Antigua and Barbuda","2006",""
452,"Malaysia","2006",""
453,"Mauritius","2006","13.9"
454,"Trinidad and Tobago","2006",""
455,"Panama","2006","13.4"
456,"Lebanon","2006","12.6"
457,"Venezuela (Bolivarian Republic of)","2006",""
458,"Costa Rica","2006",""
459,"Turkey","2006","11.5"
460,"Kazakhstan","2006","15.5"
461,"Seychelles","2006",""
462,"Mexico","2006","12.2"
463,"Sri Lanka","2006",""
464,"Saint Kitts and Nevis","2006",""
465,"Iran (Islamic Republic of)","2006","11.9"
466,"Azerbaijan","2006",""
467,"Serbia","2006",""
468,"Jordan","2006","14"
469,"Grenada","2006",""
470,"Georgia","2006","12.8"
471,"Brazil","2006",""
472,"Peru","2006","12.9"
473,"Ukraine","2006","14.7"
474,"The former Yugoslav Republic of Macedonia","2006",""
475,"Belize","2006","13.8"
476,"Bosnia and Herzegovina","2006",""
477,"Armenia","2006",""
478,"Fiji","2006",""
479,"Thailand","2006","12.5"
480,"Tunisia","2006","14.6"
481,"Saint Vincent and the Grenadines","2006",""
482,"China","2006","11"
483,"Dominica","2006",""
484,"Algeria","2006","12.2"
485,"Albania","2006",""
486,"Jamaica","2006",""
487,"Saint Lucia","2006","13.3"
488,"Ecuador","2006",""
489,"Colombia","2006","13.1"
490,"Tonga","2006",""
491,"Suriname","2006",""
492,"Dominican Republic","2006",""
493,"Turkmenistan","2006",""
494,"Mongolia","2006","13.8"
495,"Maldives","2006",""
496,"Samoa","2006","13.3"
497,"Palestine, State of","2006","13.4"
498,"Indonesia","2006","11.1"
499,"Botswana","2006","11.7"
500,"Egypt","2006",""
501,"Paraguay","2006",""
502,"Gabon","2006",""
503,"Bolivia (Plurinational State of)","2006",""
504,"Moldova (Republic of)","2006","12.6"
505,"El Salvador","2006","11.7"
506,"Uzbekistan","2006","11.3"
507,"Philippines","2006","11.7"
508,"Syrian Arab Republic","2006","11.3"
509,"South Africa","2006",""
510,"Iraq","2006",""
511,"Viet Nam","2006",""
512,"Guyana","2006",""
513,"Cape Verde","2006","12.7"
514,"Micronesia (Federated States of)","2006",""
515,"Kyrgyzstan","2006","13"
516,"Guatemala","2006",""
517,"Namibia","2006","11.4"
518,"Timor-Leste","2006",""
519,"Morocco","2006","9.4"
520,"Honduras","2006",""
521,"Vanuatu","2006",""
522,"Nicaragua","2006",""
523,"Tajikistan","2006","9.8"
524,"Kiribati","2006","12.7"
525,"India","2006",""
526,"Cambodia","2006","9.9"
527,"Bhutan","2006","9.8"
528,"Ghana","2006","8.7"
529,"Lao People's Democratic Republic","2006","8"
530,"Congo","2006",""
531,"Zambia","2006",""
532,"Sao Tome and Principe","2006",""
533,"Bangladesh","2006","8.7"
534,"Equatorial Guinea","2006",""
535,"Nepal","2006","9.8"
536,"Pakistan","2006","5.6"
537,"Kenya","2006","9.6"
538,"Swaziland","2006","10.2"
539,"Angola","2006",""
540,"Myanmar","2006",""
541,"Rwanda","2006",""
542,"Nigeria","2006",""
543,"Cameroon","2006","7.2"
544,"Yemen","2006",""
545,"Madagascar","2006","9"
546,"Zimbabwe","2006",""
547,"Solomon Islands","2006","8.6"
548,"Papua New Guinea","2006",""
549,"Tanzania (United Republic of)","2006",""
550,"Comoros","2006",""
551,"Mauritania","2006","7.3"
552,"Lesotho","2006","11"
553,"Senegal","2006","6.4"
554,"Uganda","2006","9.9"
555,"Benin","2006",""
556,"Togo","2006","9"
557,"Sudan","2006",""
558,"Haiti","2006",""
559,"Afghanistan","2006",""
560,"Djibouti","2006","3.9"
561,"C te d'Ivoire","2006",""
562,"Gambia","2006",""
563,"Ethiopia","2006",""
564,"Malawi","2006","9.6"
565,"Liberia","2006",""
566,"Mali","2006",""
567,"Guinea-Bissau","2006",""
568,"Mozambique","2006","7.7"
569,"Guinea","2006","6.3"
570,"Burundi","2006","6.7"
571,"Burkina Faso","2006","4.3"
572,"Eritrea","2006",""
573,"Sierra Leone","2006",""
574,"Chad","2006",""
575,"Central African Republic","2006",""
576,"Congo (Democratic Republic of the)","2006",""
577,"Niger","2006","3.2"
578,"South Sudan","2006",""
579,"Tuvalu","2006",""
580,"Somalia","2006",""
581,"San Marino","2006",""
582,"Nauru","2006","10.4"
583,"Monaco","2006",""
584,"Marshall Islands","2006",""
585,"Korea (Democratic People's Rep. of)","2006",""
586,"Norway","2007","18.2"
587,"Australia","2007","19.1"
588,"Switzerland","2007","15.1"
589,"Netherlands","2007","16.6"
590,"United States","2007","16.8"
591,"Germany","2007",""
592,"New Zealand","2007","20.1"
593,"Canada","2007",""
594,"Singapore","2007",""
595,"Denmark","2007","17.5"
596,"Ireland","2007","18.1"
597,"Sweden","2007","16.5"
598,"Iceland","2007","19.5"
599,"United Kingdom","2007","16.5"
600,"Korea (Republic of)","2007","15.7"
601,"Hong Kong, China (SAR)","2007","13.9"
602,"Japan","2007","14.9"
603,"Liechtenstein","2007","13.5"
604,"Israel","2007","16.2"
605,"France","2007","16.1"
606,"Luxembourg","2007",""
607,"Belgium","2007","16.1"
608,"Austria","2007","15.2"
609,"Finland","2007","17.7"
610,"Slovenia","2007","17.6"
611,"Italy","2007","16.7"
612,"Spain","2007","16.6"
613,"Czech Republic","2007","15.7"
614,"Greece","2007","16.6"
615,"Brunei Darussalam","2007","14.5"
616,"Qatar","2007",""
617,"Cyprus","2007","13.9"
618,"Estonia","2007","17.5"
619,"Saudi Arabia","2007",""
620,"Poland","2007","15.7"
621,"Lithuania","2007","17.5"
622,"Slovakia","2007","15.3"
623,"Andorra","2007",""
624,"Malta","2007","14.1"
625,"United Arab Emirates","2007",""
626,"Portugal","2007","15.9"
627,"Chile","2007","14.4"
628,"Hungary","2007","15.8"
629,"Cuba","2007","18.4"
630,"Bahrain","2007",""
631,"Kuwait","2007",""
632,"Croatia","2007","14.4"
633,"Latvia","2007","17.5"
634,"Argentina","2007","16.5"
635,"Uruguay","2007","16.5"
636,"Montenegro","2007","14.5"
637,"Bahamas","2007",""
638,"Belarus","2007",""
639,"Romania","2007","14.2"
640,"Libya","2007",""
641,"Oman","2007","11.4"
642,"Russian Federation","2007","14.2"
643,"Bulgaria","2007","13.9"
644,"Barbados","2007","16.8"
645,"Palau","2007",""
646,"Antigua and Barbuda","2007","14.9"
647,"Malaysia","2007",""
648,"Mauritius","2007","14.2"
649,"Trinidad and Tobago","2007",""
650,"Panama","2007","13.2"
651,"Lebanon","2007","12.8"
652,"Venezuela (Bolivarian Republic of)","2007",""
653,"Costa Rica","2007",""
654,"Turkey","2007","11.8"
655,"Kazakhstan","2007","15.5"
656,"Seychelles","2007","14"
657,"Mexico","2007","12.4"
658,"Sri Lanka","2007",""
659,"Saint Kitts and Nevis","2007",""
660,"Iran (Islamic Republic of)","2007","12.3"
661,"Azerbaijan","2007","11.4"
662,"Serbia","2007","14"
663,"Jordan","2007","14"
664,"Grenada","2007",""
665,"Georgia","2007",""
666,"Brazil","2007",""
667,"Peru","2007",""
668,"Ukraine","2007","14.9"
669,"The former Yugoslav Republic of Macedonia","2007","12.2"
670,"Belize","2007","13.9"
671,"Bosnia and Herzegovina","2007",""
672,"Armenia","2007","13.4"
673,"Fiji","2007",""
674,"Thailand","2007","13.2"
675,"Tunisia","2007",""
676,"Saint Vincent and the Grenadines","2007",""
677,"China","2007","11.5"
678,"Dominica","2007",""
679,"Algeria","2007","12.5"
680,"Albania","2007",""
681,"Jamaica","2007",""
682,"Saint Lucia","2007","13"
683,"Ecuador","2007",""
684,"Colombia","2007","13.4"
685,"Tonga","2007",""
686,"Suriname","2007",""
687,"Dominican Republic","2007",""
688,"Turkmenistan","2007",""
689,"Mongolia","2007",""
690,"Maldives","2007",""
691,"Samoa","2007",""
692,"Palestine, State of","2007","13.9"
693,"Indonesia","2007","11.8"
694,"Botswana","2007",""
695,"Egypt","2007",""
696,"Paraguay","2007","11.9"
697,"Gabon","2007",""
698,"Bolivia (Plurinational State of)","2007","12.9"
699,"Moldova (Republic of)","2007","12.6"
700,"El Salvador","2007","12.4"
701,"Uzbekistan","2007","11.4"
702,"Philippines","2007",""
703,"Syrian Arab Republic","2007","11.5"
704,"South Africa","2007",""
705,"Iraq","2007",""
706,"Viet Nam","2007",""
707,"Guyana","2007","11.1"
708,"Cape Verde","2007","12.6"
709,"Micronesia (Federated States of)","2007",""
710,"Kyrgyzstan","2007","13.1"
711,"Guatemala","2007","10.3"
712,"Namibia","2007",""
713,"Timor-Leste","2007",""
714,"Morocco","2007","9.7"
715,"Honduras","2007",""
716,"Vanuatu","2007",""
717,"Nicaragua","2007",""
718,"Tajikistan","2007","9.9"
719,"Kiribati","2007","12.7"
720,"India","2007","10"
721,"Cambodia","2007","10.2"
722,"Bhutan","2007","10.3"
723,"Ghana","2007","9.4"
724,"Lao People's Democratic Republic","2007","8.2"
725,"Congo","2007",""
726,"Zambia","2007",""
727,"Sao Tome and Principe","2007","10.6"
728,"Bangladesh","2007","8.8"
729,"Equatorial Guinea","2007",""
730,"Nepal","2007",""
731,"Pakistan","2007","6.2"
732,"Kenya","2007","10"
733,"Swaziland","2007",""
734,"Angola","2007",""
735,"Myanmar","2007",""
736,"Rwanda","2007",""
737,"Nigeria","2007",""
738,"Cameroon","2007","7.9"
739,"Yemen","2007",""
740,"Madagascar","2007","9.1"
741,"Zimbabwe","2007",""
742,"Solomon Islands","2007","8.8"
743,"Papua New Guinea","2007",""
744,"Tanzania (United Republic of)","2007",""
745,"Comoros","2007",""
746,"Mauritania","2007","7.4"
747,"Lesotho","2007",""
748,"Senegal","2007",""
749,"Uganda","2007","10"
750,"Benin","2007",""
751,"Togo","2007","8.5"
752,"Sudan","2007",""
753,"Haiti","2007",""
754,"Afghanistan","2007",""
755,"Djibouti","2007","4.4"
756,"C te d'Ivoire","2007",""
757,"Gambia","2007",""
758,"Ethiopia","2007",""
759,"Malawi","2007","9.4"
760,"Liberia","2007",""
761,"Mali","2007","6.4"
762,"Guinea-Bissau","2007",""
763,"Mozambique","2007","8.3"
764,"Guinea","2007","6.7"
765,"Burundi","2007",""
766,"Burkina Faso","2007","4.8"
767,"Eritrea","2007",""
768,"Sierra Leone","2007",""
769,"Chad","2007",""
770,"Central African Republic","2007",""
771,"Congo (Democratic Republic of the)","2007","6.6"
772,"Niger","2007","3.3"
773,"South Sudan","2007",""
774,"Tuvalu","2007",""
775,"Somalia","2007",""
776,"San Marino","2007",""
777,"Nauru","2007","9.3"
778,"Monaco","2007",""
779,"Marshall Islands","2007",""
780,"Korea (Democratic People's Rep. of)","2007",""
781,"Norway","2008","18"
782,"Australia","2008","19.2"
783,"Switzerland","2008","15.2"
784,"Netherlands","2008","16.7"
785,"United States","2008","16.9"
786,"Germany","2008",""
787,"New Zealand","2008","20"
788,"Canada","2008",""
789,"Singapore","2008",""
790,"Denmark","2008","17.5"
791,"Ireland","2008","18.1"
792,"Sweden","2008","16.5"
793,"Iceland","2008","19.7"
794,"United Kingdom","2008","16.7"
795,"Korea (Republic of)","2008","15.8"
796,"Hong Kong, China (SAR)","2008","15.1"
797,"Japan","2008","14.8"
798,"Liechtenstein","2008","13.6"
799,"Israel","2008","16"
800,"France","2008","16.1"
801,"Luxembourg","2008","13.5"
802,"Belgium","2008","16.1"
803,"Austria","2008","15.4"
804,"Finland","2008","17.7"
805,"Slovenia","2008","17.7"
806,"Italy","2008","16.7"
807,"Spain","2008","16.8"
808,"Czech Republic","2008","15.9"
809,"Greece","2008",""
810,"Brunei Darussalam","2008","14.4"
811,"Qatar","2008",""
812,"Cyprus","2008","14.2"
813,"Estonia","2008","17.4"
814,"Saudi Arabia","2008","13"
815,"Poland","2008","15.7"
816,"Lithuania","2008","17.6"
817,"Slovakia","2008","15.6"
818,"Andorra","2008",""
819,"Malta","2008","14.1"
820,"United Arab Emirates","2008",""
821,"Portugal","2008","16.1"
822,"Chile","2008","14.6"
823,"Hungary","2008","15.8"
824,"Cuba","2008","18.9"
825,"Bahrain","2008",""
826,"Kuwait","2008",""
827,"Croatia","2008","14.5"
828,"Latvia","2008","17.7"
829,"Argentina","2008","16.8"
830,"Uruguay","2008","16.7"
831,"Montenegro","2008","15.4"
832,"Bahamas","2008",""
833,"Belarus","2008","15.9"
834,"Romania","2008","14.7"
835,"Libya","2008",""
836,"Oman","2008",""
837,"Russian Federation","2008","14.3"
838,"Bulgaria","2008","14.1"
839,"Barbados","2008",""
840,"Palau","2008",""
841,"Antigua and Barbuda","2008",""
842,"Malaysia","2008",""
843,"Mauritius","2008","14.4"
844,"Trinidad and Tobago","2008",""
845,"Panama","2008","13.1"
846,"Lebanon","2008","12.9"
847,"Venezuela (Bolivarian Republic of)","2008","15.3"
848,"Costa Rica","2008",""
849,"Turkey","2008","11.8"
850,"Kazakhstan","2008","15.4"
851,"Seychelles","2008","14.1"
852,"Mexico","2008","12.6"
853,"Sri Lanka","2008",""
854,"Saint Kitts and Nevis","2008","13.4"
855,"Iran (Islamic Republic of)","2008","12.8"
856,"Azerbaijan","2008","11.5"
857,"Serbia","2008","14.1"
858,"Jordan","2008","14.1"
859,"Grenada","2008",""
860,"Georgia","2008","12.8"
861,"Brazil","2008",""
862,"Peru","2008",""
863,"Ukraine","2008","15"
864,"The former Yugoslav Republic of Macedonia","2008","13.1"
865,"Belize","2008","13.9"
866,"Bosnia and Herzegovina","2008",""
867,"Armenia","2008","13.1"
868,"Fiji","2008",""
869,"Thailand","2008","13.2"
870,"Tunisia","2008","14.9"
871,"Saint Vincent and the Grenadines","2008",""
872,"China","2008","12"
873,"Dominica","2008",""
874,"Algeria","2008",""
875,"Albania","2008",""
876,"Jamaica","2008",""
877,"Saint Lucia","2008","13.5"
878,"Ecuador","2008",""
879,"Colombia","2008","13.5"
880,"Tonga","2008",""
881,"Suriname","2008",""
882,"Dominican Republic","2008",""
883,"Turkmenistan","2008",""
884,"Mongolia","2008",""
885,"Maldives","2008",""
886,"Samoa","2008",""
887,"Palestine, State of","2008","14"
888,"Indonesia","2008","11.8"
889,"Botswana","2008",""
890,"Egypt","2008",""
891,"Paraguay","2008","12.1"
892,"Gabon","2008",""
893,"Bolivia (Plurinational State of)","2008",""
894,"Moldova (Republic of)","2008","12.5"
895,"El Salvador","2008","11.7"
896,"Uzbekistan","2008","11.3"
897,"Philippines","2008","11.9"
898,"Syrian Arab Republic","2008","11.6"
899,"South Africa","2008",""
900,"Iraq","2008",""
901,"Viet Nam","2008",""
902,"Guyana","2008","11.2"
903,"Cape Verde","2008","12.7"
904,"Micronesia (Federated States of)","2008",""
905,"Kyrgyzstan","2008","12.9"
906,"Guatemala","2008",""
907,"Namibia","2008",""
908,"Timor-Leste","2008",""
909,"Morocco","2008","9.9"
910,"Honduras","2008","11.9"
911,"Vanuatu","2008",""
912,"Nicaragua","2008",""
913,"Tajikistan","2008","10.2"
914,"Kiribati","2008","12.7"
915,"India","2008",""
916,"Cambodia","2008","10.3"
917,"Bhutan","2008","10.8"
918,"Ghana","2008","10"
919,"Lao People's Democratic Republic","2008","8.5"
920,"Congo","2008",""
921,"Zambia","2008",""
922,"Sao Tome and Principe","2008","10.3"
923,"Bangladesh","2008","8.6"
924,"Equatorial Guinea","2008",""
925,"Nepal","2008","10.4"
926,"Pakistan","2008","6.3"
927,"Kenya","2008",""
928,"Swaziland","2008",""
929,"Angola","2008",""
930,"Myanmar","2008",""
931,"Rwanda","2008",""
932,"Nigeria","2008",""
933,"Cameroon","2008","8.3"
934,"Yemen","2008","7"
935,"Madagascar","2008","9.5"
936,"Zimbabwe","2008",""
937,"Solomon Islands","2008",""
938,"Papua New Guinea","2008",""
939,"Tanzania (United Republic of)","2008",""
940,"Comoros","2008",""
941,"Mauritania","2008","7.1"
942,"Lesotho","2008",""
943,"Senegal","2008","7.3"
944,"Uganda","2008","10.4"
945,"Benin","2008",""
946,"Togo","2008",""
947,"Sudan","2008",""
948,"Haiti","2008",""
949,"Afghanistan","2008",""
950,"Djibouti","2008","4.8"
951,"C te d'Ivoire","2008",""
952,"Gambia","2008",""
953,"Ethiopia","2008","7.4"
954,"Malawi","2008",""
955,"Liberia","2008",""
956,"Mali","2008","6.7"
957,"Guinea-Bissau","2008",""
958,"Mozambique","2008","8.7"
959,"Guinea","2008","6.8"
960,"Burundi","2008",""
961,"Burkina Faso","2008","5.3"
962,"Eritrea","2008",""
963,"Sierra Leone","2008",""
964,"Chad","2008","4.8"
965,"Central African Republic","2008",""
966,"Congo (Democratic Republic of the)","2008","7.4"
967,"Niger","2008","3.6"
968,"South Sudan","2008",""
969,"Tuvalu","2008",""
970,"Somalia","2008",""
971,"San Marino","2008",""
972,"Nauru","2008","9.9"
973,"Monaco","2008",""
974,"Marshall Islands","2008",""
975,"Korea (Democratic People's Rep. of)","2008",""
976,"Norway","2009","18"
977,"Australia","2009","19.5"
978,"Switzerland","2009","15.3"
979,"Netherlands","2009","16.8"
980,"United States","2009","17.1"
981,"Germany","2009",""
982,"New Zealand","2009","20.8"
983,"Canada","2009",""
984,"Singapore","2009",""
985,"Denmark","2009","17.5"
986,"Ireland","2009","18.5"
987,"Sweden","2009","16.5"
988,"Iceland","2009","19.7"
989,"United Kingdom","2009","16.9"
990,"Korea (Republic of)","2009","15.9"
991,"Hong Kong, China (SAR)","2009","15.4"
992,"Japan","2009","14.9"
993,"Liechtenstein","2009","13.6"
994,"Israel","2009","16.1"
995,"France","2009","16.1"
996,"Luxembourg","2009",""
997,"Belgium","2009","16.2"
998,"Austria","2009","15.5"
999,"Finland","2009","17.4"
1000,"Slovenia","2009","17.7"
1001,"Italy","2009","16.6"
1002,"Spain","2009","16.9"
1003,"Czech Republic","2009","16.5"
1004,"Greece","2009",""
1005,"Brunei Darussalam","2009","14.5"
1006,"Qatar","2009",""
1007,"Cyprus","2009","14.6"
1008,"Estonia","2009","17.5"
1009,"Saudi Arabia","2009","13.5"
1010,"Poland","2009","15.8"
1011,"Lithuania","2009","17.8"
1012,"Slovakia","2009","15.7"
1013,"Andorra","2009",""
1014,"Malta","2009","14.2"
1015,"United Arab Emirates","2009",""
1016,"Portugal","2009","16.3"
1017,"Chile","2009","14.7"
1018,"Hungary","2009","15.7"
1019,"Cuba","2009","18.7"
1020,"Bahrain","2009",""
1021,"Kuwait","2009",""
1022,"Croatia","2009","14.5"
1023,"Latvia","2009","17.3"
1024,"Argentina","2009","17.1"
1025,"Uruguay","2009","16.6"
1026,"Montenegro","2009","15.3"
1027,"Bahamas","2009",""
1028,"Belarus","2009","16"
1029,"Romania","2009","15"
1030,"Libya","2009",""
1031,"Oman","2009","12.9"
1032,"Russian Federation","2009","14.5"
1033,"Bulgaria","2009","14.2"
1034,"Barbados","2009","17.7"
1035,"Palau","2009",""
1036,"Antigua and Barbuda","2009","14.2"
1037,"Malaysia","2009",""
1038,"Mauritius","2009","14.7"
1039,"Trinidad and Tobago","2009",""
1040,"Panama","2009","13.1"
1041,"Lebanon","2009","12.9"
1042,"Venezuela (Bolivarian Republic of)","2009",""
1043,"Costa Rica","2009",""
1044,"Turkey","2009","12.4"
1045,"Kazakhstan","2009","15.1"
1046,"Seychelles","2009","11.8"
1047,"Mexico","2009","12.7"
1048,"Sri Lanka","2009",""
1049,"Saint Kitts and Nevis","2009",""
1050,"Iran (Islamic Republic of)","2009","12.9"
1051,"Azerbaijan","2009","11.8"
1052,"Serbia","2009","14.1"
1053,"Jordan","2009",""
1054,"Grenada","2009","16.3"
1055,"Georgia","2009",""
1056,"Brazil","2009",""
1057,"Peru","2009",""
1058,"Ukraine","2009","15.1"
1059,"The former Yugoslav Republic of Macedonia","2009","13.2"
1060,"Belize","2009","13.6"
1061,"Bosnia and Herzegovina","2009",""
1062,"Armenia","2009","13.6"
1063,"Fiji","2009",""
1064,"Thailand","2009","13.4"
1065,"Tunisia","2009","14.9"
1066,"Saint Vincent and the Grenadines","2009",""
1067,"China","2009","12.4"
1068,"Dominica","2009",""
1069,"Algeria","2009","13.3"
1070,"Albania","2009",""
1071,"Jamaica","2009",""
1072,"Saint Lucia","2009","13.6"
1073,"Ecuador","2009",""
1074,"Colombia","2009","13.9"
1075,"Tonga","2009",""
1076,"Suriname","2009",""
1077,"Dominican Republic","2009",""
1078,"Turkmenistan","2009",""
1079,"Mongolia","2009","15"
1080,"Maldives","2009",""
1081,"Samoa","2009",""
1082,"Palestine, State of","2009","14"
1083,"Indonesia","2009","12.3"
1084,"Botswana","2009",""
1085,"Egypt","2009","12.5"
1086,"Paraguay","2009","12.4"
1087,"Gabon","2009",""
1088,"Bolivia (Plurinational State of)","2009",""
1089,"Moldova (Republic of)","2009","12.3"
1090,"El Salvador","2009","11.7"
1091,"Uzbekistan","2009","11.3"
1092,"Philippines","2009","11.5"
1093,"Syrian Arab Republic","2009","11.6"
1094,"South Africa","2009",""
1095,"Iraq","2009",""
1096,"Viet Nam","2009",""
1097,"Guyana","2009","11.1"
1098,"Cape Verde","2009","12.9"
1099,"Micronesia (Federated States of)","2009",""
1100,"Kyrgyzstan","2009","12.7"
1101,"Guatemala","2009",""
1102,"Namibia","2009",""
1103,"Timor-Leste","2009","11"
1104,"Morocco","2009","10.1"
1105,"Honduras","2009",""
1106,"Vanuatu","2009",""
1107,"Nicaragua","2009",""
1108,"Tajikistan","2009","10.3"
1109,"Kiribati","2009",""
1110,"India","2009","10.5"
1111,"Cambodia","2009",""
1112,"Bhutan","2009","11.5"
1113,"Ghana","2009","10.1"
1114,"Lao People's Democratic Republic","2009","8.8"
1115,"Congo","2009",""
1116,"Zambia","2009",""
1117,"Sao Tome and Principe","2009","11"
1118,"Bangladesh","2009","9.1"
1119,"Equatorial Guinea","2009",""
1120,"Nepal","2009","11"
1121,"Pakistan","2009","6.6"
1122,"Kenya","2009","10.7"
1123,"Swaziland","2009",""
1124,"Angola","2009",""
1125,"Myanmar","2009",""
1126,"Rwanda","2009","9.2"
1127,"Nigeria","2009",""
1128,"Cameroon","2009","8.9"
1129,"Yemen","2009",""
1130,"Madagascar","2009","10"
1131,"Zimbabwe","2009",""
1132,"Solomon Islands","2009",""
1133,"Papua New Guinea","2009",""
1134,"Tanzania (United Republic of)","2009",""
1135,"Comoros","2009",""
1136,"Mauritania","2009","7.6"
1137,"Lesotho","2009",""
1138,"Senegal","2009",""
1139,"Uganda","2009","10.6"
1140,"Benin","2009",""
1141,"Togo","2009",""
1142,"Sudan","2009",""
1143,"Haiti","2009",""
1144,"Afghanistan","2009","6.3"
1145,"Djibouti","2009","5"
1146,"C te d'Ivoire","2009",""
1147,"Gambia","2009",""
1148,"Ethiopia","2009","7.5"
1149,"Malawi","2009",""
1150,"Liberia","2009",""
1151,"Mali","2009","6.9"
1152,"Guinea-Bissau","2009",""
1153,"Mozambique","2009","8.9"
1154,"Guinea","2009","6.8"
1155,"Burundi","2009",""
1156,"Burkina Faso","2009","5.7"
1157,"Eritrea","2009","3.7"
1158,"Sierra Leone","2009",""
1159,"Chad","2009","5.1"
1160,"Central African Republic","2009","5.4"
1161,"Congo (Democratic Republic of the)","2009","7.6"
1162,"Niger","2009","3.9"
1163,"South Sudan","2009",""
1164,"Tuvalu","2009",""
1165,"Somalia","2009",""
1166,"San Marino","2009",""
1167,"Nauru","2009",""
1168,"Monaco","2009",""
1169,"Marshall Islands","2009",""
1170,"Korea (Democratic People's Rep. of)","2009",""
1171,"Norway","2010","18.2"
1172,"Australia","2010","19.9"
1173,"Switzerland","2010","15.5"
1174,"Netherlands","2010","17.1"
1175,"United States","2010","17.2"
1176,"Germany","2010",""
1177,"New Zealand","2010","20.5"
1178,"Canada","2010",""
1179,"Singapore","2010",""
1180,"Denmark","2010","17.6"
1181,"Ireland","2010","18.7"
1182,"Sweden","2010","16.7"
1183,"Iceland","2010","19.9"
1184,"United Kingdom","2010","17.2"
1185,"Korea (Republic of)","2010","16"
1186,"Hong Kong, China (SAR)","2010","15.3"
1187,"Japan","2010","15"
1188,"Liechtenstein","2010","13.5"
1189,"Israel","2010",""
1190,"France","2010","16.3"
1191,"Luxembourg","2010","14"
1192,"Belgium","2010","16.3"
1193,"Austria","2010","15.9"
1194,"Finland","2010","17.5"
1195,"Slovenia","2010","17.9"
1196,"Italy","2010","16.6"
1197,"Spain","2010","17.3"
1198,"Czech Republic","2010","16.8"
1199,"Greece","2010",""
1200,"Brunei Darussalam","2010","14.3"
1201,"Qatar","2010",""
1202,"Cyprus","2010","13.9"
1203,"Estonia","2010","17.5"
1204,"Saudi Arabia","2010","14.5"
1205,"Poland","2010","16.2"
1206,"Lithuania","2010","17.6"
1207,"Slovakia","2010","15.7"
1208,"Andorra","2010",""
1209,"Malta","2010","14.6"
1210,"United Arab Emirates","2010",""
1211,"Portugal","2010","16.5"
1212,"Chile","2010","15"
1213,"Hungary","2010","15.8"
1214,"Cuba","2010","17.3"
1215,"Bahrain","2010",""
1216,"Kuwait","2010",""
1217,"Croatia","2010","15.1"
1218,"Latvia","2010","16.8"
1219,"Argentina","2010","17.5"
1220,"Uruguay","2010","16.6"
1221,"Montenegro","2010","15.5"
1222,"Bahamas","2010",""
1223,"Belarus","2010","16"
1224,"Romania","2010","14.7"
1225,"Libya","2010",""
1226,"Oman","2010",""
1227,"Russian Federation","2010",""
1228,"Bulgaria","2010","14.5"
1229,"Barbados","2010","17.2"
1230,"Palau","2010",""
1231,"Antigua and Barbuda","2010","14.1"
1232,"Malaysia","2010",""
1233,"Mauritius","2010","14.9"
1234,"Trinidad and Tobago","2010",""
1235,"Panama","2010","13.1"
1236,"Lebanon","2010","12.9"
1237,"Venezuela (Bolivarian Republic of)","2010",""
1238,"Costa Rica","2010",""
1239,"Turkey","2010","13.3"
1240,"Kazakhstan","2010","15.1"
1241,"Seychelles","2010","11.7"
1242,"Mexico","2010","12.9"
1243,"Sri Lanka","2010","13.9"
1244,"Saint Kitts and Nevis","2010",""
1245,"Iran (Islamic Republic of)","2010","12.9"
1246,"Azerbaijan","2010","11.5"
1247,"Serbia","2010","14"
1248,"Jordan","2010","13.5"
1249,"Grenada","2010",""
1250,"Georgia","2010",""
1251,"Brazil","2010",""
1252,"Peru","2010","13.2"
1253,"Ukraine","2010","15.1"
1254,"The former Yugoslav Republic of Macedonia","2010","13.4"
1255,"Belize","2010","13.6"
1256,"Bosnia and Herzegovina","2010",""
1257,"Armenia","2010",""
1258,"Fiji","2010",""
1259,"Thailand","2010",""
1260,"Tunisia","2010","15"
1261,"Saint Vincent and the Grenadines","2010",""
1262,"China","2010","12.6"
1263,"Dominica","2010",""
1264,"Algeria","2010","13.8"
1265,"Albania","2010",""
1266,"Jamaica","2010",""
1267,"Saint Lucia","2010","13"
1268,"Ecuador","2010",""
1269,"Colombia","2010","13.9"
1270,"Tonga","2010",""
1271,"Suriname","2010",""
1272,"Dominican Republic","2010",""
1273,"Turkmenistan","2010",""
1274,"Mongolia","2010","15.3"
1275,"Maldives","2010",""
1276,"Samoa","2010",""
1277,"Palestine, State of","2010","14.1"
1278,"Indonesia","2010","12.6"
1279,"Botswana","2010",""
1280,"Egypt","2010","12.7"
1281,"Paraguay","2010","12.2"
1282,"Gabon","2010",""
1283,"Bolivia (Plurinational State of)","2010",""
1284,"Moldova (Republic of)","2010","12.2"
1285,"El Salvador","2010","11.8"
1286,"Uzbekistan","2010",""
1287,"Philippines","2010",""
1288,"Syrian Arab Republic","2010","11.7"
1289,"South Africa","2010",""
1290,"Iraq","2010",""
1291,"Viet Nam","2010",""
1292,"Guyana","2010","11.4"
1293,"Cape Verde","2010","13.2"
1294,"Micronesia (Federated States of)","2010",""
1295,"Kyrgyzstan","2010","12.5"
1296,"Guatemala","2010",""
1297,"Namibia","2010",""
1298,"Timor-Leste","2010","11.3"
1299,"Morocco","2010","10.6"
1300,"Honduras","2010","12.1"
1301,"Vanuatu","2010",""
1302,"Nicaragua","2010",""
1303,"Tajikistan","2010","10.3"
1304,"Kiribati","2010",""
1305,"India","2010","10.8"
1306,"Cambodia","2010",""
1307,"Bhutan","2010","12"
1308,"Ghana","2010",""
1309,"Lao People's Democratic Republic","2010","9.1"
1310,"Congo","2010",""
1311,"Zambia","2010",""
1312,"Sao Tome and Principe","2010","10.8"
1313,"Bangladesh","2010",""
1314,"Equatorial Guinea","2010",""
1315,"Nepal","2010","12.1"
1316,"Pakistan","2010",""
1317,"Kenya","2010",""
1318,"Swaziland","2010",""
1319,"Angola","2010","8.9"
1320,"Myanmar","2010",""
1321,"Rwanda","2010","9.5"
1322,"Nigeria","2010",""
1323,"Cameroon","2010","9.2"
1324,"Yemen","2010","7.3"
1325,"Madagascar","2010",""
1326,"Zimbabwe","2010",""
1327,"Solomon Islands","2010",""
1328,"Papua New Guinea","2010",""
1329,"Tanzania (United Republic of)","2010","9.1"
1330,"Comoros","2010",""
1331,"Mauritania","2010","7.7"
1332,"Lesotho","2010",""
1333,"Senegal","2010","7.8"
1334,"Uganda","2010",""
1335,"Benin","2010",""
1336,"Togo","2010",""
1337,"Sudan","2010",""
1338,"Haiti","2010",""
1339,"Afghanistan","2010",""
1340,"Djibouti","2010",""
1341,"C te d'Ivoire","2010",""
1342,"Gambia","2010",""
1343,"Ethiopia","2010","7.6"
1344,"Malawi","2010","10.6"
1345,"Liberia","2010",""
1346,"Mali","2010","7.2"
1347,"Guinea-Bissau","2010",""
1348,"Mozambique","2010",""
1349,"Guinea","2010",""
1350,"Burundi","2010","9.6"
1351,"Burkina Faso","2010","6.2"
1352,"Eritrea","2010","3.7"
1353,"Sierra Leone","2010",""
1354,"Chad","2010","5.2"
1355,"Central African Republic","2010",""
1356,"Congo (Democratic Republic of the)","2010",""
1357,"Niger","2010","4.2"
1358,"South Sudan","2010",""
1359,"Tuvalu","2010",""
1360,"Somalia","2010",""
1361,"San Marino","2010","16.5"
1362,"Nauru","2010",""
1363,"Monaco","2010",""
1364,"Marshall Islands","2010",""
1365,"Korea (Democratic People's Rep. of)","2010",""
1366,"Norway","2011","18.2"
1367,"Australia","2011","20.3"
1368,"Switzerland","2011","15.6"
1369,"Netherlands","2011","18"
1370,"United States","2011","17.4"
1371,"Germany","2011","16.2"
1372,"New Zealand","2011","20.2"
1373,"Canada","2011",""
1374,"Singapore","2011",""
1375,"Denmark","2011",""
1376,"Ireland","2011","18.5"
1377,"Sweden","2011","16.6"
1378,"Iceland","2011","19.9"
1379,"United Kingdom","2011","16.7"
1380,"Korea (Republic of)","2011","16.1"
1381,"Hong Kong, China (SAR)","2011","15.4"
1382,"Japan","2011","15.1"
1383,"Liechtenstein","2011","13.8"
1384,"Israel","2011",""
1385,"France","2011","16.3"
1386,"Luxembourg","2011",""
1387,"Belgium","2011","16.5"
1388,"Austria","2011","15.9"
1389,"Finland","2011","17.6"
1390,"Slovenia","2011","17.9"
1391,"Italy","2011","16.8"
1392,"Spain","2011","17.5"
1393,"Czech Republic","2011","16.9"
1394,"Greece","2011",""
1395,"Brunei Darussalam","2011","14.4"
1396,"Qatar","2011",""
1397,"Cyprus","2011","14"
1398,"Estonia","2011",""
1399,"Saudi Arabia","2011","15.1"
1400,"Poland","2011","16.3"
1401,"Lithuania","2011","17.3"
1402,"Slovakia","2011","15.6"
1403,"Andorra","2011",""
1404,"Malta","2011","14.7"
1405,"United Arab Emirates","2011",""
1406,"Portugal","2011",""
1407,"Chile","2011","15.3"
1408,"Hungary","2011","15.7"
1409,"Cuba","2011","16.3"
1410,"Bahrain","2011",""
1411,"Kuwait","2011",""
1412,"Croatia","2011","15.2"
1413,"Latvia","2011","16.3"
1414,"Argentina","2011",""
1415,"Uruguay","2011",""
1416,"Montenegro","2011",""
1417,"Bahamas","2011",""
1418,"Belarus","2011","16.2"
1419,"Romania","2011","14.5"
1420,"Libya","2011",""
1421,"Oman","2011","13.9"
1422,"Russian Federation","2011",""
1423,"Bulgaria","2011","14.5"
1424,"Barbados","2011","17.2"
1425,"Palau","2011",""
1426,"Antigua and Barbuda","2011","13.7"
1427,"Malaysia","2011",""
1428,"Mauritius","2011","15.1"
1429,"Trinidad and Tobago","2011",""
1430,"Panama","2011","12.9"
1431,"Lebanon","2011","13"
1432,"Venezuela (Bolivarian Republic of)","2011",""
1433,"Costa Rica","2011","13.9"
1434,"Turkey","2011","13.8"
1435,"Kazakhstan","2011","15.3"
1436,"Seychelles","2011","12.1"
1437,"Mexico","2011","12.9"
1438,"Sri Lanka","2011","13.9"
1439,"Saint Kitts and Nevis","2011",""
1440,"Iran (Islamic Republic of)","2011","13.4"
1441,"Azerbaijan","2011","11.6"
1442,"Serbia","2011","14"
1443,"Jordan","2011","13.5"
1444,"Grenada","2011",""
1445,"Georgia","2011",""
1446,"Brazil","2011",""
1447,"Peru","2011",""
1448,"Ukraine","2011","15.1"
1449,"The former Yugoslav Republic of Macedonia","2011",""
1450,"Belize","2011","13.7"
1451,"Bosnia and Herzegovina","2011",""
1452,"Armenia","2011",""
1453,"Fiji","2011",""
1454,"Thailand","2011",""
1455,"Tunisia","2011",""
1456,"Saint Vincent and the Grenadines","2011",""
1457,"China","2011","13"
1458,"Dominica","2011",""
1459,"Algeria","2011","14.2"
1460,"Albania","2011",""
1461,"Jamaica","2011",""
1462,"Saint Lucia","2011","13.2"
1463,"Ecuador","2011",""
1464,"Colombia","2011","13.8"
1465,"Tonga","2011",""
1466,"Suriname","2011",""
1467,"Dominican Republic","2011",""
1468,"Turkmenistan","2011",""
1469,"Mongolia","2011","15.4"
1470,"Maldives","2011",""
1471,"Samoa","2011",""
1472,"Palestine, State of","2011","14.1"
1473,"Indonesia","2011","12.8"
1474,"Botswana","2011",""
1475,"Egypt","2011",""
1476,"Paraguay","2011",""
1477,"Gabon","2011",""
1478,"Bolivia (Plurinational State of)","2011",""
1479,"Moldova (Republic of)","2011","12.2"
1480,"El Salvador","2011","12"
1481,"Uzbekistan","2011","11.3"
1482,"Philippines","2011",""
1483,"Syrian Arab Republic","2011","12"
1484,"South Africa","2011",""
1485,"Iraq","2011",""
1486,"Viet Nam","2011",""
1487,"Guyana","2011","11.7"
1488,"Cape Verde","2011","13.6"
1489,"Micronesia (Federated States of)","2011",""
1490,"Kyrgyzstan","2011","12.7"
1491,"Guatemala","2011",""
1492,"Namibia","2011",""
1493,"Timor-Leste","2011",""
1494,"Morocco","2011",""
1495,"Honduras","2011",""
1496,"Vanuatu","2011",""
1497,"Nicaragua","2011",""
1498,"Tajikistan","2011","10.4"
1499,"Kiribati","2011",""
1500,"India","2011","11.3"
1501,"Cambodia","2011",""
1502,"Bhutan","2011","12.5"
1503,"Ghana","2011","10.8"
1504,"Lao People's Democratic Republic","2011","9.5"
1505,"Congo","2011",""
1506,"Zambia","2011",""
1507,"Sao Tome and Principe","2011",""
1508,"Bangladesh","2011","10.3"
1509,"Equatorial Guinea","2011",""
1510,"Nepal","2011","12.5"
1511,"Pakistan","2011","6.7"
1512,"Kenya","2011",""
1513,"Swaziland","2011","10.9"
1514,"Angola","2011","8.7"
1515,"Myanmar","2011",""
1516,"Rwanda","2011","10"
1517,"Nigeria","2011",""
1518,"Cameroon","2011","9.5"
1519,"Yemen","2011","7.7"
1520,"Madagascar","2011",""
1521,"Zimbabwe","2011",""
1522,"Solomon Islands","2011",""
1523,"Papua New Guinea","2011",""
1524,"Tanzania (United Republic of)","2011",""
1525,"Comoros","2011",""
1526,"Mauritania","2011","7.7"
1527,"Lesotho","2011",""
1528,"Senegal","2011",""
1529,"Uganda","2011",""
1530,"Benin","2011","9.4"
1531,"Togo","2011",""
1532,"Sudan","2011",""
1533,"Haiti","2011",""
1534,"Afghanistan","2011","7.2"
1535,"Djibouti","2011","5.9"
1536,"C te d'Ivoire","2011",""
1537,"Gambia","2011",""
1538,"Ethiopia","2011","7.9"
1539,"Malawi","2011","10.8"
1540,"Liberia","2011",""
1541,"Mali","2011","7.5"
1542,"Guinea-Bissau","2011",""
1543,"Mozambique","2011","8.9"
1544,"Guinea","2011","7.3"
1545,"Burundi","2011",""
1546,"Burkina Faso","2011","6.7"
1547,"Eritrea","2011",""
1548,"Sierra Leone","2011",""
1549,"Chad","2011","5.9"
1550,"Central African Republic","2011",""
1551,"Congo (Democratic Republic of the)","2011","8"
1552,"Niger","2011","4.5"
1553,"South Sudan","2011",""
1554,"Tuvalu","2011",""
1555,"Somalia","2011",""
1556,"San Marino","2011","15.9"
1557,"Nauru","2011",""
1558,"Monaco","2011",""
1559,"Marshall Islands","2011",""
1560,"Korea (Democratic People's Rep. of)","2011",""
1561,"Norway","2012","18.2"
1562,"Australia","2012","20.3"
1563,"Switzerland","2012","15.6"
1564,"Netherlands","2012","18"
1565,"United States","2012","17.4"
1566,"Germany","2012","16.2"
1567,"New Zealand","2012","20.2"
1568,"Canada","2012","16.2"
1569,"Singapore","2012","15.5"
1570,"Denmark","2012","17.6"
1571,"Ireland","2012","18.5"
1572,"Sweden","2012","16.6"
1573,"Iceland","2012","19.9"
1574,"United Kingdom","2012","16.7"
1575,"Korea (Republic of)","2012","16.1"
1576,"Hong Kong, China (SAR)","2012","15.3"
1577,"Japan","2012","15.1"
1578,"Liechtenstein","2012","13.8"
1579,"Israel","2012","16.1"
1580,"France","2012","16.3"
1581,"Luxembourg","2012","14"
1582,"Belgium","2012","16.5"
1583,"Austria","2012","15.9"
1584,"Finland","2012","17.6"
1585,"Slovenia","2012","17.9"
1586,"Italy","2012","16.8"
1587,"Spain","2012","17.5"
1588,"Czech Republic","2012","16.9"
1589,"Greece","2012","16.6"
1590,"Brunei Darussalam","2012","14.9"
1591,"Qatar","2012","14"
1592,"Cyprus","2012","14"
1593,"Estonia","2012","17.5"
1594,"Saudi Arabia","2012","15.9"
1595,"Poland","2012","16.3"
1596,"Lithuania","2012","17.3"
1597,"Slovakia","2012","15.6"
1598,"Andorra","2012",""
1599,"Malta","2012","14.7"
1600,"United Arab Emirates","2012","13.9"
1601,"Portugal","2012","16.5"
1602,"Chile","2012","15.3"
1603,"Hungary","2012","15.7"
1604,"Cuba","2012","15.1"
1605,"Bahrain","2012","15.1"
1606,"Kuwait","2012","15.2"
1607,"Croatia","2012","15.2"
1608,"Latvia","2012","16.3"
1609,"Argentina","2012","17.5"
1610,"Uruguay","2012","16.6"
1611,"Montenegro","2012","15.5"
1612,"Bahamas","2012",""
1613,"Belarus","2012","16.3"
1614,"Romania","2012","14.5"
1615,"Libya","2012","16.4"
1616,"Oman","2012","13.9"
1617,"Russian Federation","2012","14.5"
1618,"Bulgaria","2012","14.5"
1619,"Barbados","2012","17.2"
1620,"Palau","2012","14.6"
1621,"Antigua and Barbuda","2012","13.7"
1622,"Malaysia","2012","12.7"
1623,"Mauritius","2012","15.9"
1624,"Trinidad and Tobago","2012","12.5"
1625,"Panama","2012","12.9"
1626,"Lebanon","2012","13"
1627,"Venezuela (Bolivarian Republic of)","2012","15.3"
1628,"Costa Rica","2012","13.9"
1629,"Turkey","2012","13.8"
1630,"Kazakhstan","2012","15.4"
1631,"Seychelles","2012","12.1"
1632,"Mexico","2012","12.9"
1633,"Sri Lanka","2012","13.9"
1634,"Saint Kitts and Nevis","2012","13.4"
1635,"Iran (Islamic Republic of)","2012","15"
1636,"Azerbaijan","2012","11.6"
1637,"Serbia","2012","14.1"
1638,"Jordan","2012","13.5"
1639,"Grenada","2012","16.3"
1640,"Georgia","2012","12.8"
1641,"Brazil","2012",""
1642,"Peru","2012","13.2"
1643,"Ukraine","2012","15.3"
1644,"The former Yugoslav Republic of Macedonia","2012","13.4"
1645,"Belize","2012","14.1"
1646,"Bosnia and Herzegovina","2012",""
1647,"Armenia","2012","13.6"
1648,"Fiji","2012","14.1"
1649,"Thailand","2012","13.4"
1650,"Tunisia","2012","15"
1651,"Saint Vincent and the Grenadines","2012","13.4"
1652,"China","2012","13"
1653,"Dominica","2012",""
1654,"Algeria","2012","14.2"
1655,"Albania","2012","10.3"
1656,"Jamaica","2012","12.4"
1657,"Saint Lucia","2012","12.5"
1658,"Ecuador","2012",""
1659,"Colombia","2012","13.5"
1660,"Tonga","2012","14"
1661,"Suriname","2012","12.9"
1662,"Dominican Republic","2012",""
1663,"Turkmenistan","2012",""
1664,"Mongolia","2012","15.6"
1665,"Maldives","2012","12.8"
1666,"Samoa","2012","13.3"
1667,"Palestine, State of","2012","14"
1668,"Indonesia","2012","12.8"
1669,"Botswana","2012","11.7"
1670,"Egypt","2012","12.7"
1671,"Paraguay","2012","12.2"
1672,"Gabon","2012",""
1673,"Bolivia (Plurinational State of)","2012","12.9"
1674,"Moldova (Republic of)","2012","12.1"
1675,"El Salvador","2012","12"
1676,"Uzbekistan","2012","11.3"
1677,"Philippines","2012","11.5"
1678,"Syrian Arab Republic","2012","12"
1679,"South Africa","2012",""
1680,"Iraq","2012","8.7"
1681,"Viet Nam","2012",""
1682,"Guyana","2012","11.7"
1683,"Cape Verde","2012","13.6"
1684,"Micronesia (Federated States of)","2012",""
1685,"Kyrgyzstan","2012","12.7"
1686,"Guatemala","2012","10.3"
1687,"Namibia","2012","11.4"
1688,"Timor-Leste","2012","11.3"
1689,"Morocco","2012","10.6"
1690,"Honduras","2012","12.1"
1691,"Vanuatu","2012","10.2"
1692,"Nicaragua","2012","10.8"
1693,"Tajikistan","2012","10.4"
1694,"Kiribati","2012","12.7"
1695,"India","2012","11.3"
1696,"Cambodia","2012","10.3"
1697,"Bhutan","2012","12.5"
1698,"Ghana","2012","10.9"
1699,"Lao People's Democratic Republic","2012","9.5"
1700,"Congo","2012","10.9"
1701,"Zambia","2012","13"
1702,"Sao Tome and Principe","2012","11.4"
1703,"Bangladesh","2012","10.3"
1704,"Equatorial Guinea","2012","6.9"
1705,"Nepal","2012","12.5"
1706,"Pakistan","2012","6.9"
1707,"Kenya","2012","10.7"
1708,"Swaziland","2012","10.9"
1709,"Angola","2012","8.7"
1710,"Myanmar","2012",""
1711,"Rwanda","2012","10.3"
1712,"Nigeria","2012","8.2"
1713,"Cameroon","2012","9.5"
1714,"Yemen","2012","7.7"
1715,"Madagascar","2012","10.2"
1716,"Zimbabwe","2012","9.1"
1717,"Solomon Islands","2012","8.8"
1718,"Papua New Guinea","2012",""
1719,"Tanzania (United Republic of)","2012","9"
1720,"Comoros","2012","12.3"
1721,"Mauritania","2012","8.1"
1722,"Lesotho","2012","11.6"
1723,"Senegal","2012","7.8"
1724,"Uganda","2012","10.6"
1725,"Benin","2012","9.4"
1726,"Togo","2012","8.5"
1727,"Sudan","2012",""
1728,"Haiti","2012",""
1729,"Afghanistan","2012","7.2"
1730,"Djibouti","2012","5.9"
1731,"C te d'Ivoire","2012",""
1732,"Gambia","2012",""
1733,"Ethiopia","2012","8"
1734,"Malawi","2012","10.8"
1735,"Liberia","2012","8.9"
1736,"Mali","2012","7.6"
1737,"Guinea-Bissau","2012",""
1738,"Mozambique","2012","8.9"
1739,"Guinea","2012","7.4"
1740,"Burundi","2012","9.6"
1741,"Burkina Faso","2012","7"
1742,"Eritrea","2012","3.7"
1743,"Sierra Leone","2012","6.1"
1744,"Chad","2012","5.9"
1745,"Central African Republic","2012","5.9"
1746,"Congo (Democratic Republic of the)","2012","8.4"
1747,"Niger","2012","4.8"
1748,"South Sudan","2012",""
1749,"Tuvalu","2012","11.4"
1750,"Somalia","2012",""
1751,"San Marino","2012","15.9"
1752,"Nauru","2012","9.9"
1753,"Monaco","2012",""
1754,"Marshall Islands","2012","12"
1755,"Korea (Democratic People's Rep. of)","2012",""
1756,"Norway","2013","18.2"
1757,"Australia","2013","20.3"
1758,"Switzerland","2013","15.6"
1759,"Netherlands","2013","18"
1760,"United States","2013","17.4"
1761,"Germany","2013","16.2"
1762,"New Zealand","2013","20.2"
1763,"Canada","2013","16.2"
1764,"Singapore","2013","15.5"
1765,"Denmark","2013","17.6"
1766,"Ireland","2013","18.5"
1767,"Sweden","2013","16.6"
1768,"Iceland","2013","19.9"
1769,"United Kingdom","2013","16.7"
1770,"Korea (Republic of)","2013","16.1"
1771,"Hong Kong, China (SAR)","2013","15.3"
1772,"Japan","2013","15.1"
1773,"Liechtenstein","2013","13.8"
1774,"Israel","2013","16.1"
1775,"France","2013","16.3"
1776,"Luxembourg","2013","14"
1777,"Belgium","2013","16.5"
1778,"Austria","2013","15.9"
1779,"Finland","2013","17.6"
1780,"Slovenia","2013","17.9"
1781,"Italy","2013","16.8"
1782,"Spain","2013","17.5"
1783,"Czech Republic","2013","16.9"
1784,"Greece","2013","16.6"
1785,"Brunei Darussalam","2013","14.9"
1786,"Qatar","2013","14"
1787,"Cyprus","2013","14"
1788,"Estonia","2013","17.5"
1789,"Saudi Arabia","2013","15.9"
1790,"Poland","2013","16.3"
1791,"Lithuania","2013","17.3"
1792,"Slovakia","2013","15.6"
1793,"Andorra","2013",""
1794,"Malta","2013","14.7"
1795,"United Arab Emirates","2013","13.9"
1796,"Portugal","2013","16.5"
1797,"Chile","2013","15.3"
1798,"Hungary","2013","15.7"
1799,"Cuba","2013","15.1"
1800,"Bahrain","2013","15.1"
1801,"Kuwait","2013","15.2"
1802,"Croatia","2013","15.2"
1803,"Latvia","2013","16.3"
1804,"Argentina","2013","17.5"
1805,"Uruguay","2013","16.6"
1806,"Montenegro","2013","15.5"
1807,"Bahamas","2013",""
1808,"Belarus","2013","16.3"
1809,"Romania","2013","14.5"
1810,"Libya","2013","16.4"
1811,"Oman","2013","13.9"
1812,"Russian Federation","2013","14.5"
1813,"Bulgaria","2013","14.5"
1814,"Barbados","2013","17.2"
1815,"Palau","2013","14.6"
1816,"Antigua and Barbuda","2013","13.7"
1817,"Malaysia","2013","12.7"
1818,"Mauritius","2013","15.9"
1819,"Trinidad and Tobago","2013","12.5"
1820,"Panama","2013","12.9"
1821,"Lebanon","2013","13"
1822,"Venezuela (Bolivarian Republic of)","2013","15.3"
1823,"Costa Rica","2013","13.9"
1824,"Turkey","2013","13.8"
1825,"Kazakhstan","2013","15.4"
1826,"Seychelles","2013","12.1"
1827,"Mexico","2013","12.9"
1828,"Sri Lanka","2013","13.9"
1829,"Saint Kitts and Nevis","2013","13.4"
1830,"Iran (Islamic Republic of)","2013","15"
1831,"Azerbaijan","2013","11.6"
1832,"Serbia","2013","14.1"
1833,"Jordan","2013","13.5"
1834,"Grenada","2013","16.3"
1835,"Georgia","2013","12.8"
1836,"Brazil","2013",""
1837,"Peru","2013","13.2"
1838,"Ukraine","2013","15.3"
1839,"The former Yugoslav Republic of Macedonia","2013","13.4"
1840,"Belize","2013","14.1"
1841,"Bosnia and Herzegovina","2013",""
1842,"Armenia","2013","13.6"
1843,"Fiji","2013","14.1"
1844,"Thailand","2013","13.4"
1845,"Tunisia","2013","15"
1846,"Saint Vincent and the Grenadines","2013","13.4"
1847,"China","2013","13"
1848,"Dominica","2013",""
1849,"Algeria","2013","14.2"
1850,"Albania","2013","10.3"
1851,"Jamaica","2013","12.4"
1852,"Saint Lucia","2013","12.5"
1853,"Ecuador","2013",""
1854,"Colombia","2013","13.5"
1855,"Tonga","2013","14"
1856,"Suriname","2013","12.9"
1857,"Dominican Republic","2013",""
1858,"Turkmenistan","2013",""
1859,"Mongolia","2013","15.6"
1860,"Maldives","2013","12.8"
1861,"Samoa","2013","13.3"
1862,"Palestine, State of","2013","14"
1863,"Indonesia","2013","12.8"
1864,"Botswana","2013","11.7"
1865,"Egypt","2013","12.7"
1866,"Paraguay","2013","12.2"
1867,"Gabon","2013",""
1868,"Bolivia (Plurinational State of)","2013","12.9"
1869,"Moldova (Republic of)","2013","12.1"
1870,"El Salvador","2013","12"
1871,"Uzbekistan","2013","11.3"
1872,"Philippines","2013","11.5"
1873,"Syrian Arab Republic","2013","12"
1874,"South Africa","2013",""
1875,"Iraq","2013","8.7"
1876,"Viet Nam","2013",""
1877,"Guyana","2013","11.7"
1878,"Cape Verde","2013","13.6"
1879,"Micronesia (Federated States of)","2013",""
1880,"Kyrgyzstan","2013","12.7"
1881,"Guatemala","2013","10.3"
1882,"Namibia","2013","11.4"
1883,"Timor-Leste","2013","11.3"
1884,"Morocco","2013","10.6"
1885,"Honduras","2013","12.1"
1886,"Vanuatu","2013","10.2"
1887,"Nicaragua","2013","10.8"
1888,"Tajikistan","2013","10.4"
1889,"Kiribati","2013","12.7"
1890,"India","2013","11.3"
1891,"Cambodia","2013","10.3"
1892,"Bhutan","2013","12.5"
1893,"Ghana","2013","10.9"
1894,"Lao People's Democratic Republic","2013","9.5"
1895,"Congo","2013","10.9"
1896,"Zambia","2013","13"
1897,"Sao Tome and Principe","2013","11.4"
1898,"Bangladesh","2013","10.3"
1899,"Equatorial Guinea","2013","6.9"
1900,"Nepal","2013","12.5"
1901,"Pakistan","2013","6.9"
1902,"Kenya","2013","10.7"
1903,"Swaziland","2013","10.9"
1904,"Angola","2013","8.7"
1905,"Myanmar","2013",""
1906,"Rwanda","2013","10.3"
1907,"Nigeria","2013","8.2"
1908,"Cameroon","2013","9.5"
1909,"Yemen","2013","7.7"
1910,"Madagascar","2013","10.2"
1911,"Zimbabwe","2013","9.1"
1912,"Solomon Islands","2013","8.8"
1913,"Papua New Guinea","2013",""
1914,"Tanzania (United Republic of)","2013","9"
1915,"Comoros","2013","12.3"
1916,"Mauritania","2013","8.1"
1917,"Lesotho","2013","11.6"
1918,"Senegal","2013","7.8"
1919,"Uganda","2013","10.6"
1920,"Benin","2013","9.4"
1921,"Togo","2013","8.5"
1922,"Sudan","2013",""
1923,"Haiti","2013",""
1924,"Afghanistan","2013","7.2"
1925,"Djibouti","2013","5.9"
1926,"C te d'Ivoire","2013",""
1927,"Gambia","2013",""
1928,"Ethiopia","2013","8"
1929,"Malawi","2013","10.8"
1930,"Liberia","2013","8.9"
1931,"Mali","2013","7.6"
1932,"Guinea-Bissau","2013",""
1933,"Mozambique","2013","8.9"
1934,"Guinea","2013","7.4"
1935,"Burundi","2013","9.6"
1936,"Burkina Faso","2013","7"
1937,"Eritrea","2013","3.7"
1938,"Sierra Leone","2013","6.1"
1939,"Chad","2013","5.9"
1940,"Central African Republic","2013","5.9"
1941,"Congo (Democratic Republic of the)","2013","8.4"
1942,"Niger","2013","4.8"
1943,"South Sudan","2013",""
1944,"Tuvalu","2013","11.4"
1945,"Somalia","2013",""
1946,"San Marino","2013","15.9"
1947,"Nauru","2013","9.9"
1948,"Monaco","2013",""
1949,"Marshall Islands","2013","12"
1950,"Korea (Democratic People's Rep. of)","2013",""
