datasetid,"country","year",value
1,"Afghanistan","1990",0.295
2,"Afghanistan","2000",0.34
3,"Afghanistan","2010",0.454
4,"Afghanistan","2011",0.463
5,"Afghanistan","2012",0.47
6,"Afghanistan","2013",0.476
7,"Afghanistan","2014",0.479
8,"Afghanistan","2015",0.479
9,"Albania","1990",0.635
10,"Albania","2000",0.662
11,"Albania","2010",0.738
12,"Albania","2011",0.752
13,"Albania","2012",0.759
14,"Albania","2013",0.761
15,"Albania","2014",0.762
16,"Albania","2015",0.764
17,"Algeria","1990",0.577
18,"Algeria","2000",0.644
19,"Algeria","2010",0.724
20,"Algeria","2011",0.732
21,"Algeria","2012",0.737
22,"Algeria","2013",0.741
23,"Algeria","2014",0.743
24,"Algeria","2015",0.745
25,"Andorra","2010",0.819
26,"Andorra","2011",0.819
27,"Andorra","2012",0.843
28,"Andorra","2013",0.85
29,"Andorra","2014",0.857
30,"Andorra","2015",0.858
31,"Angola","2000",0.391
32,"Angola","2010",0.495
33,"Angola","2011",0.508
34,"Angola","2012",0.523
35,"Angola","2013",0.527
36,"Angola","2014",0.531
37,"Angola","2015",0.533
38,"Antigua and Barbuda","2010",0.782
39,"Antigua and Barbuda","2011",0.778
40,"Antigua and Barbuda","2012",0.781
41,"Antigua and Barbuda","2013",0.782
42,"Antigua and Barbuda","2014",0.784
43,"Antigua and Barbuda","2015",0.786
44,"Arab States","1990",0.556
45,"Arab States","2000",0.611
46,"Arab States","2010",0.672
47,"Arab States","2011",0.677
48,"Arab States","2012",0.684
49,"Arab States","2013",0.685
50,"Arab States","2014",0.686
51,"Arab States","2015",0.687
52,"Argentina","1990",0.705
53,"Argentina","2000",0.771
54,"Argentina","2010",0.816
55,"Argentina","2011",0.822
56,"Argentina","2012",0.823
57,"Argentina","2013",0.825
58,"Argentina","2014",0.826
59,"Argentina","2015",0.827
60,"Armenia","1990",0.634
61,"Armenia","2000",0.644
62,"Armenia","2010",0.729
63,"Armenia","2011",0.732
64,"Armenia","2012",0.736
65,"Armenia","2013",0.739
66,"Armenia","2014",0.741
67,"Armenia","2015",0.743
68,"Australia","1990",0.866
69,"Australia","2000",0.899
70,"Australia","2010",0.927
71,"Australia","2011",0.93
72,"Australia","2012",0.933
73,"Australia","2013",0.936
74,"Australia","2014",0.937
75,"Australia","2015",0.939
76,"Austria","1990",0.794
77,"Austria","2000",0.837
78,"Austria","2010",0.88
79,"Austria","2011",0.884
80,"Austria","2012",0.887
81,"Austria","2013",0.892
82,"Austria","2014",0.892
83,"Austria","2015",0.893
84,"Azerbaijan","2000",0.642
85,"Azerbaijan","2010",0.741
86,"Azerbaijan","2011",0.742
87,"Azerbaijan","2012",0.745
88,"Azerbaijan","2013",0.752
89,"Azerbaijan","2014",0.758
90,"Azerbaijan","2015",0.759
91,"Bahamas","2000",0.778
92,"Bahamas","2010",0.788
93,"Bahamas","2011",0.789
94,"Bahamas","2012",0.79
95,"Bahamas","2013",0.789
96,"Bahamas","2014",0.79
97,"Bahamas","2015",0.792
98,"Bahrain","1990",0.745
99,"Bahrain","2000",0.794
100,"Bahrain","2010",0.812
101,"Bahrain","2011",0.812
102,"Bahrain","2012",0.815
103,"Bahrain","2013",0.82
104,"Bahrain","2014",0.823
105,"Bahrain","2015",0.824
106,"Bangladesh","1990",0.386
107,"Bangladesh","2000",0.468
108,"Bangladesh","2010",0.545
109,"Bangladesh","2011",0.557
110,"Bangladesh","2012",0.565
111,"Bangladesh","2013",0.57
112,"Bangladesh","2014",0.575
113,"Bangladesh","2015",0.579
114,"Barbados","1990",0.714
115,"Barbados","2000",0.75
116,"Barbados","2010",0.78
117,"Barbados","2011",0.785
118,"Barbados","2012",0.792
119,"Barbados","2013",0.793
120,"Barbados","2014",0.794
121,"Barbados","2015",0.795
122,"Belarus","2000",0.681
123,"Belarus","2010",0.787
124,"Belarus","2011",0.793
125,"Belarus","2012",0.796
126,"Belarus","2013",0.796
127,"Belarus","2014",0.798
128,"Belarus","2015",0.796
129,"Belgium","1990",0.805
130,"Belgium","2000",0.873
131,"Belgium","2010",0.884
132,"Belgium","2011",0.886
133,"Belgium","2012",0.889
134,"Belgium","2013",0.89
135,"Belgium","2014",0.895
136,"Belgium","2015",0.896
137,"Belize","1990",0.648
138,"Belize","2000",0.677
139,"Belize","2010",0.7
140,"Belize","2011",0.702
141,"Belize","2012",0.706
142,"Belize","2013",0.705
143,"Belize","2014",0.706
144,"Belize","2015",0.706
145,"Benin","1990",0.345
146,"Benin","2000",0.395
147,"Benin","2010",0.454
148,"Benin","2011",0.458
149,"Benin","2012",0.466
150,"Benin","2013",0.475
151,"Benin","2014",0.481
152,"Benin","2015",0.485
153,"Bhutan","2010",0.572
154,"Bhutan","2011",0.581
155,"Bhutan","2012",0.589
156,"Bhutan","2013",0.596
157,"Bhutan","2014",0.604
158,"Bhutan","2015",0.607
159,"Bolivia Plurinational State of","1990",0.535
160,"Bolivia Plurinational State of","2000",0.607
161,"Bolivia Plurinational State of","2010",0.649
162,"Bolivia Plurinational State of","2011",0.655
163,"Bolivia Plurinational State of","2012",0.661
164,"Bolivia Plurinational State of","2013",0.666
165,"Bolivia Plurinational State of","2014",0.671
166,"Bolivia Plurinational State of","2015",0.674
167,"Bosnia and Herzegovina","2010",0.711
168,"Bosnia and Herzegovina","2011",0.728
169,"Bosnia and Herzegovina","2012",0.735
170,"Bosnia and Herzegovina","2013",0.742
171,"Bosnia and Herzegovina","2014",0.747
172,"Bosnia and Herzegovina","2015",0.75
173,"Botswana","1990",0.585
174,"Botswana","2000",0.56
175,"Botswana","2010",0.678
176,"Botswana","2011",0.687
177,"Botswana","2012",0.693
178,"Botswana","2013",0.697
179,"Botswana","2014",0.698
180,"Botswana","2015",0.698
181,"Brazil","1990",0.611
182,"Brazil","2000",0.685
183,"Brazil","2010",0.724
184,"Brazil","2011",0.73
185,"Brazil","2012",0.734
186,"Brazil","2013",0.747
187,"Brazil","2014",0.754
188,"Brazil","2015",0.754
189,"Brunei Darussalam","1990",0.782
190,"Brunei Darussalam","2000",0.819
191,"Brunei Darussalam","2010",0.846
192,"Brunei Darussalam","2011",0.852
193,"Brunei Darussalam","2012",0.86
194,"Brunei Darussalam","2013",0.863
195,"Brunei Darussalam","2014",0.864
196,"Brunei Darussalam","2015",0.865
197,"Bulgaria","1990",0.7
198,"Bulgaria","2000",0.713
199,"Bulgaria","2010",0.775
200,"Bulgaria","2011",0.778
201,"Bulgaria","2012",0.781
202,"Bulgaria","2013",0.787
203,"Bulgaria","2014",0.792
204,"Bulgaria","2015",0.794
205,"Burkina Faso","2010",0.377
206,"Burkina Faso","2011",0.384
207,"Burkina Faso","2012",0.391
208,"Burkina Faso","2013",0.398
209,"Burkina Faso","2014",0.399
210,"Burkina Faso","2015",0.402
211,"Burundi","1990",0.27
212,"Burundi","2000",0.268
213,"Burundi","2010",0.385
214,"Burundi","2011",0.393
215,"Burundi","2012",0.398
216,"Burundi","2013",0.404
217,"Burundi","2014",0.406
218,"Burundi","2015",0.404
219,"C te dIvoire","1990",0.389
220,"C te dIvoire","2000",0.395
221,"C te dIvoire","2010",0.441
222,"C te dIvoire","2011",0.444
223,"C te dIvoire","2012",0.452
224,"C te dIvoire","2013",0.459
225,"C te dIvoire","2014",0.466
226,"C te dIvoire","2015",0.474
227,"Cabo Verde","2000",0.562
228,"Cabo Verde","2010",0.632
229,"Cabo Verde","2011",0.636
230,"Cabo Verde","2012",0.643
231,"Cabo Verde","2013",0.643
232,"Cabo Verde","2014",0.646
233,"Cabo Verde","2015",0.648
234,"Cambodia","1990",0.357
235,"Cambodia","2000",0.412
236,"Cambodia","2010",0.533
237,"Cambodia","2011",0.54
238,"Cambodia","2012",0.546
239,"Cambodia","2013",0.553
240,"Cambodia","2014",0.558
241,"Cambodia","2015",0.563
242,"Cameroon","1990",0.444
243,"Cameroon","2000",0.437
244,"Cameroon","2010",0.486
245,"Cameroon","2011",0.496
246,"Cameroon","2012",0.501
247,"Cameroon","2013",0.507
248,"Cameroon","2014",0.514
249,"Cameroon","2015",0.518
250,"Canada","1990",0.849
251,"Canada","2000",0.867
252,"Canada","2010",0.903
253,"Canada","2011",0.907
254,"Canada","2012",0.909
255,"Canada","2013",0.912
256,"Canada","2014",0.919
257,"Canada","2015",0.92
258,"Central African Republic","1990",0.32
259,"Central African Republic","2000",0.314
260,"Central African Republic","2010",0.361
261,"Central African Republic","2011",0.366
262,"Central African Republic","2012",0.37
263,"Central African Republic","2013",0.345
264,"Central African Republic","2014",0.347
265,"Central African Republic","2015",0.352
266,"Chad","2000",0.3
267,"Chad","2010",0.37
268,"Chad","2011",0.381
269,"Chad","2012",0.387
270,"Chad","2013",0.39
271,"Chad","2014",0.394
272,"Chad","2015",0.396
273,"Chile","1990",0.7
274,"Chile","2000",0.761
275,"Chile","2010",0.82
276,"Chile","2011",0.826
277,"Chile","2012",0.831
278,"Chile","2013",0.841
279,"Chile","2014",0.845
280,"Chile","2015",0.847
281,"China","1990",0.499
282,"China","2000",0.592
283,"China","2010",0.7
284,"China","2011",0.703
285,"China","2012",0.713
286,"China","2013",0.723
287,"China","2014",0.734
288,"China","2015",0.738
289,"Colombia","1990",0.592
290,"Colombia","2000",0.653
291,"Colombia","2010",0.7
292,"Colombia","2011",0.707
293,"Colombia","2012",0.712
294,"Colombia","2013",0.72
295,"Colombia","2014",0.724
296,"Colombia","2015",0.727
297,"Comoros","2010",0.479
298,"Comoros","2011",0.484
299,"Comoros","2012",0.49
300,"Comoros","2013",0.497
301,"Comoros","2014",0.498
302,"Comoros","2015",0.497
303,"Republic of the Congo","1990",0.521
304,"Republic of the Congo","2000",0.487
305,"Republic of the Congo","2010",0.558
306,"Republic of the Congo","2011",0.557
307,"Republic of the Congo","2012",0.576
308,"Republic of the Congo","2013",0.581
309,"Republic of the Congo","2014",0.589
310,"Republic of the Congo","2015",0.592
311,"Congo Democratic Republic of the","1990",0.356
312,"Congo Democratic Republic of the","2000",0.331
313,"Congo Democratic Republic of the","2010",0.398
314,"Congo Democratic Republic of the","2011",0.407
315,"Congo Democratic Republic of the","2012",0.412
316,"Congo Democratic Republic of the","2013",0.419
317,"Congo Democratic Republic of the","2014",0.425
318,"Congo Democratic Republic of the","2015",0.435
319,"Costa Rica","1990",0.653
320,"Costa Rica","2000",0.708
321,"Costa Rica","2010",0.752
322,"Costa Rica","2011",0.758
323,"Costa Rica","2012",0.762
324,"Costa Rica","2013",0.768
325,"Costa Rica","2014",0.775
326,"Costa Rica","2015",0.776
327,"Croatia","1990",0.669
328,"Croatia","2000",0.749
329,"Croatia","2010",0.808
330,"Croatia","2011",0.815
331,"Croatia","2012",0.817
332,"Croatia","2013",0.82
333,"Croatia","2014",0.823
334,"Croatia","2015",0.827
335,"Cuba","1990",0.676
336,"Cuba","2000",0.686
337,"Cuba","2010",0.78
338,"Cuba","2011",0.778
339,"Cuba","2012",0.773
340,"Cuba","2013",0.772
341,"Cuba","2014",0.772
342,"Cuba","2015",0.775
343,"Cyprus","1990",0.733
344,"Cyprus","2000",0.8
345,"Cyprus","2010",0.847
346,"Cyprus","2011",0.85
347,"Cyprus","2012",0.849
348,"Cyprus","2013",0.85
349,"Cyprus","2014",0.854
350,"Cyprus","2015",0.856
351,"Czech Republic","1990",0.761
352,"Czech Republic","2000",0.821
353,"Czech Republic","2010",0.861
354,"Czech Republic","2011",0.864
355,"Czech Republic","2012",0.865
356,"Czech Republic","2013",0.871
357,"Czech Republic","2014",0.875
358,"Czech Republic","2015",0.878
359,"Denmark","1990",0.799
360,"Denmark","2000",0.862
361,"Denmark","2010",0.91
362,"Denmark","2011",0.922
363,"Denmark","2012",0.924
364,"Denmark","2013",0.926
365,"Denmark","2014",0.923
366,"Denmark","2015",0.925
367,"Djibouti","2000",0.363
368,"Djibouti","2010",0.451
369,"Djibouti","2011",0.46
370,"Djibouti","2012",0.464
371,"Djibouti","2013",0.467
372,"Djibouti","2014",0.47
373,"Djibouti","2015",0.473
374,"Dominica","2000",0.695
375,"Dominica","2010",0.722
376,"Dominica","2011",0.722
377,"Dominica","2012",0.721
378,"Dominica","2013",0.724
379,"Dominica","2014",0.724
380,"Dominica","2015",0.726
381,"Dominican Republic","1990",0.596
382,"Dominican Republic","2000",0.656
383,"Dominican Republic","2010",0.703
384,"Dominican Republic","2011",0.706
385,"Dominican Republic","2012",0.709
386,"Dominican Republic","2013",0.712
387,"Dominican Republic","2014",0.718
388,"Dominican Republic","2015",0.722
389,"East Asia and the Pacific","1990",0.516
390,"East Asia and the Pacific","2000",0.595
391,"East Asia and the Pacific","2010",0.688
392,"East Asia and the Pacific","2011",0.692
393,"East Asia and the Pacific","2012",0.7
394,"East Asia and the Pacific","2013",0.709
395,"East Asia and the Pacific","2014",0.717
396,"East Asia and the Pacific","2015",0.72
397,"Ecuador","1990",0.643
398,"Ecuador","2000",0.67
399,"Ecuador","2010",0.71
400,"Ecuador","2011",0.717
401,"Ecuador","2012",0.725
402,"Ecuador","2013",0.737
403,"Ecuador","2014",0.739
404,"Ecuador","2015",0.739
405,"Egypt","1990",0.547
406,"Egypt","2000",0.612
407,"Egypt","2010",0.671
408,"Egypt","2011",0.673
409,"Egypt","2012",0.681
410,"Egypt","2013",0.686
411,"Egypt","2014",0.688
412,"Egypt","2015",0.691
413,"El Salvador","1990",0.529
414,"El Salvador","2000",0.615
415,"El Salvador","2010",0.666
416,"El Salvador","2011",0.67
417,"El Salvador","2012",0.675
418,"El Salvador","2013",0.676
419,"El Salvador","2014",0.678
420,"El Salvador","2015",0.68
421,"Equatorial Guinea","2000",0.527
422,"Equatorial Guinea","2010",0.58
423,"Equatorial Guinea","2011",0.582
424,"Equatorial Guinea","2012",0.586
425,"Equatorial Guinea","2013",0.582
426,"Equatorial Guinea","2014",0.582
427,"Equatorial Guinea","2015",0.592
428,"Eritrea","2010",0.405
429,"Eritrea","2011",0.41
430,"Eritrea","2012",0.414
431,"Eritrea","2013",0.416
432,"Eritrea","2014",0.418
433,"Eritrea","2015",0.42
434,"Estonia","1990",0.728
435,"Estonia","2000",0.781
436,"Estonia","2010",0.838
437,"Estonia","2011",0.85
438,"Estonia","2012",0.856
439,"Estonia","2013",0.86
440,"Estonia","2014",0.863
441,"Estonia","2015",0.865
442,"Ethiopia","2000",0.283
443,"Ethiopia","2010",0.411
444,"Ethiopia","2011",0.422
445,"Ethiopia","2012",0.427
446,"Ethiopia","2013",0.435
447,"Ethiopia","2014",0.441
448,"Ethiopia","2015",0.448
449,"Europe and Central Asia","1990",0.652
450,"Europe and Central Asia","2000",0.667
451,"Europe and Central Asia","2010",0.732
452,"Europe and Central Asia","2011",0.741
453,"Europe and Central Asia","2012",0.745
454,"Europe and Central Asia","2013",0.75
455,"Europe and Central Asia","2014",0.754
456,"Europe and Central Asia","2015",0.756
457,"Fiji","1990",0.641
458,"Fiji","2000",0.683
459,"Fiji","2010",0.709
460,"Fiji","2011",0.714
461,"Fiji","2012",0.719
462,"Fiji","2013",0.727
463,"Fiji","2014",0.734
464,"Fiji","2015",0.736
465,"Finland","1990",0.783
466,"Finland","2000",0.856
467,"Finland","2010",0.878
468,"Finland","2011",0.884
469,"Finland","2012",0.887
470,"Finland","2013",0.89
471,"Finland","2014",0.893
472,"Finland","2015",0.895
473,"France","1990",0.779
474,"France","2000",0.849
475,"France","2010",0.882
476,"France","2011",0.885
477,"France","2012",0.887
478,"France","2013",0.89
479,"France","2014",0.894
480,"France","2015",0.897
481,"Gabon","1990",0.62
482,"Gabon","2000",0.633
483,"Gabon","2010",0.664
484,"Gabon","2011",0.669
485,"Gabon","2012",0.678
486,"Gabon","2013",0.687
487,"Gabon","2014",0.694
488,"Gabon","2015",0.697
489,"Gambia","1990",0.33
490,"Gambia","2000",0.384
491,"Gambia","2010",0.441
492,"Gambia","2011",0.44
493,"Gambia","2012",0.445
494,"Gambia","2013",0.449
495,"Gambia","2014",0.45
496,"Gambia","2015",0.452
497,"Georgia","2000",0.673
498,"Georgia","2010",0.742
499,"Georgia","2011",0.749
500,"Georgia","2012",0.755
501,"Georgia","2013",0.759
502,"Georgia","2014",0.768
503,"Georgia","2015",0.769
504,"Germany","1990",0.801
505,"Germany","2000",0.86
506,"Germany","2010",0.912
507,"Germany","2011",0.916
508,"Germany","2012",0.919
509,"Germany","2013",0.92
510,"Germany","2014",0.924
511,"Germany","2015",0.926
512,"Ghana","1990",0.455
513,"Ghana","2000",0.485
514,"Ghana","2010",0.554
515,"Ghana","2011",0.563
516,"Ghana","2012",0.57
517,"Ghana","2013",0.576
518,"Ghana","2014",0.575
519,"Ghana","2015",0.579
520,"Greece","1990",0.76
521,"Greece","2000",0.801
522,"Greece","2010",0.86
523,"Greece","2011",0.858
524,"Greece","2012",0.86
525,"Greece","2013",0.862
526,"Greece","2014",0.865
527,"Greece","2015",0.866
528,"Grenada","2010",0.741
529,"Grenada","2011",0.744
530,"Grenada","2012",0.745
531,"Grenada","2013",0.749
532,"Grenada","2014",0.751
533,"Grenada","2015",0.754
534,"Guatemala","1990",0.478
535,"Guatemala","2000",0.546
536,"Guatemala","2010",0.609
537,"Guatemala","2011",0.616
538,"Guatemala","2012",0.611
539,"Guatemala","2013",0.614
540,"Guatemala","2014",0.637
541,"Guatemala","2015",0.64
542,"Guinea","1990",0.271
543,"Guinea","2000",0.322
544,"Guinea","2010",0.385
545,"Guinea","2011",0.396
546,"Guinea","2012",0.406
547,"Guinea","2013",0.412
548,"Guinea","2014",0.414
549,"Guinea","2015",0.414
550,"GuineaBissau","2010",0.41
551,"GuineaBissau","2011",0.416
552,"GuineaBissau","2012",0.415
553,"GuineaBissau","2013",0.419
554,"GuineaBissau","2014",0.421
555,"GuineaBissau","2015",0.424
556,"Guyana","1990",0.541
557,"Guyana","2000",0.606
558,"Guyana","2010",0.624
559,"Guyana","2011",0.63
560,"Guyana","2012",0.633
561,"Guyana","2013",0.636
562,"Guyana","2014",0.638
563,"Guyana","2015",0.638
564,"Haiti","1990",0.408
565,"Haiti","2000",0.443
566,"Haiti","2010",0.47
567,"Haiti","2011",0.477
568,"Haiti","2012",0.483
569,"Haiti","2013",0.487
570,"Haiti","2014",0.49
571,"Haiti","2015",0.493
572,"Honduras","1990",0.507
573,"Honduras","2000",0.557
574,"Honduras","2010",0.611
575,"Honduras","2011",0.614
576,"Honduras","2012",0.614
577,"Honduras","2013",0.618
578,"Honduras","2014",0.623
579,"Honduras","2015",0.625
580,"Hong Kong China SAR","1990",0.781
581,"Hong Kong China SAR","2000",0.825
582,"Hong Kong China SAR","2010",0.898
583,"Hong Kong China SAR","2011",0.905
584,"Hong Kong China SAR","2012",0.907
585,"Hong Kong China SAR","2013",0.913
586,"Hong Kong China SAR","2014",0.916
587,"Hong Kong China SAR","2015",0.917
588,"Hungary","1990",0.703
589,"Hungary","2000",0.769
590,"Hungary","2010",0.821
591,"Hungary","2011",0.823
592,"Hungary","2012",0.824
593,"Hungary","2013",0.834
594,"Hungary","2014",0.834
595,"Hungary","2015",0.836
596,"Iceland","1990",0.797
597,"Iceland","2000",0.854
598,"Iceland","2010",0.894
599,"Iceland","2011",0.901
600,"Iceland","2012",0.907
601,"Iceland","2013",0.915
602,"Iceland","2014",0.919
603,"Iceland","2015",0.921
604,"India","1990",0.428
605,"India","2000",0.494
606,"India","2010",0.58
607,"India","2011",0.59
608,"India","2012",0.599
609,"India","2013",0.607
610,"India","2014",0.615
611,"India","2015",0.624
612,"Indonesia","1990",0.528
613,"Indonesia","2000",0.604
614,"Indonesia","2010",0.662
615,"Indonesia","2011",0.669
616,"Indonesia","2012",0.677
617,"Indonesia","2013",0.682
618,"Indonesia","2014",0.686
619,"Indonesia","2015",0.689
620,"Iran Islamic Republic of","1990",0.572
621,"Iran Islamic Republic of","2000",0.666
622,"Iran Islamic Republic of","2010",0.745
623,"Iran Islamic Republic of","2011",0.755
624,"Iran Islamic Republic of","2012",0.769
625,"Iran Islamic Republic of","2013",0.77
626,"Iran Islamic Republic of","2014",0.774
627,"Iran Islamic Republic of","2015",0.774
628,"Iraq","1990",0.572
629,"Iraq","2000",0.607
630,"Iraq","2010",0.649
631,"Iraq","2011",0.656
632,"Iraq","2012",0.659
633,"Iraq","2013",0.658
634,"Iraq","2014",0.649
635,"Iraq","2015",0.649
636,"Ireland","1990",0.762
637,"Ireland","2000",0.857
638,"Ireland","2010",0.909
639,"Ireland","2011",0.895
640,"Ireland","2012",0.902
641,"Ireland","2013",0.91
642,"Ireland","2014",0.92
643,"Ireland","2015",0.923
644,"Israel","1990",0.785
645,"Israel","2000",0.85
646,"Israel","2010",0.883
647,"Israel","2011",0.889
648,"Israel","2012",0.891
649,"Israel","2013",0.895
650,"Israel","2014",0.898
651,"Israel","2015",0.899
652,"Italy","1990",0.768
653,"Italy","2000",0.828
654,"Italy","2010",0.872
655,"Italy","2011",0.877
656,"Italy","2012",0.876
657,"Italy","2013",0.877
658,"Italy","2014",0.881
659,"Italy","2015",0.887
660,"Jamaica","1990",0.651
661,"Jamaica","2000",0.68
662,"Jamaica","2010",0.722
663,"Jamaica","2011",0.725
664,"Jamaica","2012",0.727
665,"Jamaica","2013",0.727
666,"Jamaica","2014",0.729
667,"Jamaica","2015",0.73
668,"Japan","1990",0.814
669,"Japan","2000",0.856
670,"Japan","2010",0.884
671,"Japan","2011",0.889
672,"Japan","2012",0.894
673,"Japan","2013",0.899
674,"Japan","2014",0.902
675,"Japan","2015",0.903
676,"Jordan","1990",0.62
677,"Jordan","2000",0.706
678,"Jordan","2010",0.737
679,"Jordan","2011",0.735
680,"Jordan","2012",0.737
681,"Jordan","2013",0.737
682,"Jordan","2014",0.741
683,"Jordan","2015",0.741
684,"Kazakhstan","1990",0.69
685,"Kazakhstan","2000",0.685
686,"Kazakhstan","2010",0.766
687,"Kazakhstan","2011",0.774
688,"Kazakhstan","2012",0.782
689,"Kazakhstan","2013",0.789
690,"Kazakhstan","2014",0.793
691,"Kazakhstan","2015",0.794
692,"Kenya","1990",0.473
693,"Kenya","2000",0.447
694,"Kenya","2010",0.53
695,"Kenya","2011",0.536
696,"Kenya","2012",0.541
697,"Kenya","2013",0.546
698,"Kenya","2014",0.55
699,"Kenya","2015",0.555
700,"Kiribati","2010",0.585
701,"Kiribati","2011",0.581
702,"Kiribati","2012",0.589
703,"Kiribati","2013",0.597
704,"Kiribati","2014",0.586
705,"Kiribati","2015",0.588
706,"Korea Republic of","1990",0.731
707,"Korea Republic of","2000",0.82
708,"Korea Republic of","2010",0.884
709,"Korea Republic of","2011",0.889
710,"Korea Republic of","2012",0.891
711,"Korea Republic of","2013",0.896
712,"Korea Republic of","2014",0.899
713,"Korea Republic of","2015",0.901
714,"Kuwait","1990",0.713
715,"Kuwait","2000",0.786
716,"Kuwait","2010",0.792
717,"Kuwait","2011",0.794
718,"Kuwait","2012",0.796
719,"Kuwait","2013",0.787
720,"Kuwait","2014",0.799
721,"Kuwait","2015",0.8
722,"Kyrgyzstan","1990",0.615
723,"Kyrgyzstan","2000",0.593
724,"Kyrgyzstan","2010",0.632
725,"Kyrgyzstan","2011",0.638
726,"Kyrgyzstan","2012",0.647
727,"Kyrgyzstan","2013",0.656
728,"Kyrgyzstan","2014",0.662
729,"Kyrgyzstan","2015",0.664
730,"Lao Peoples Democratic Republic","1990",0.397
731,"Lao Peoples Democratic Republic","2000",0.463
732,"Lao Peoples Democratic Republic","2010",0.542
733,"Lao Peoples Democratic Republic","2011",0.554
734,"Lao Peoples Democratic Republic","2012",0.563
735,"Lao Peoples Democratic Republic","2013",0.573
736,"Lao Peoples Democratic Republic","2014",0.582
737,"Lao Peoples Democratic Republic","2015",0.586
738,"Latin America and the Caribbean","1990",0.626
739,"Latin America and the Caribbean","2000",0.685
740,"Latin America and the Caribbean","2010",0.73
741,"Latin America and the Caribbean","2011",0.735
742,"Latin America and the Caribbean","2012",0.739
743,"Latin America and the Caribbean","2013",0.745
744,"Latin America and the Caribbean","2014",0.75
745,"Latin America and the Caribbean","2015",0.751
746,"Latvia","1990",0.703
747,"Latvia","2000",0.728
748,"Latvia","2010",0.81
749,"Latvia","2011",0.812
750,"Latvia","2012",0.814
751,"Latvia","2013",0.822
752,"Latvia","2014",0.828
753,"Latvia","2015",0.83
754,"Least developed countries","1990",0.347
755,"Least developed countries","2000",0.399
756,"Least developed countries","2010",0.481
757,"Least developed countries","2011",0.489
758,"Least developed countries","2012",0.495
759,"Least developed countries","2013",0.5
760,"Least developed countries","2014",0.504
761,"Least developed countries","2015",0.508
762,"Lebanon","2010",0.758
763,"Lebanon","2011",0.763
764,"Lebanon","2012",0.766
765,"Lebanon","2013",0.763
766,"Lebanon","2014",0.763
767,"Lebanon","2015",0.763
768,"Lesotho","1990",0.493
769,"Lesotho","2000",0.443
770,"Lesotho","2010",0.469
771,"Lesotho","2011",0.479
772,"Lesotho","2012",0.484
773,"Lesotho","2013",0.491
774,"Lesotho","2014",0.495
775,"Lesotho","2015",0.497
776,"Liberia","2000",0.386
777,"Liberia","2010",0.406
778,"Liberia","2011",0.416
779,"Liberia","2012",0.419
780,"Liberia","2013",0.425
781,"Liberia","2014",0.427
782,"Liberia","2015",0.427
783,"Libya","1990",0.681
784,"Libya","2000",0.732
785,"Libya","2010",0.756
786,"Libya","2011",0.706
787,"Libya","2012",0.735
788,"Libya","2013",0.73
789,"Libya","2014",0.719
790,"Libya","2015",0.716
791,"Liechtenstein","2000",0.862
792,"Liechtenstein","2010",0.904
793,"Liechtenstein","2011",0.909
794,"Liechtenstein","2012",0.908
795,"Liechtenstein","2013",0.912
796,"Liechtenstein","2014",0.911
797,"Liechtenstein","2015",0.912
798,"Lithuania","1990",0.731
799,"Lithuania","2000",0.757
800,"Lithuania","2010",0.826
801,"Lithuania","2011",0.83
802,"Lithuania","2012",0.834
803,"Lithuania","2013",0.841
804,"Lithuania","2014",0.846
805,"Lithuania","2015",0.848
806,"Luxembourg","1990",0.782
807,"Luxembourg","2000",0.854
808,"Luxembourg","2010",0.894
809,"Luxembourg","2011",0.892
810,"Luxembourg","2012",0.892
811,"Luxembourg","2013",0.892
812,"Luxembourg","2014",0.896
813,"Luxembourg","2015",0.898
814,"Madagascar","2000",0.456
815,"Madagascar","2010",0.504
816,"Madagascar","2011",0.506
817,"Madagascar","2012",0.508
818,"Madagascar","2013",0.509
819,"Madagascar","2014",0.511
820,"Madagascar","2015",0.512
821,"Malawi","1990",0.325
822,"Malawi","2000",0.387
823,"Malawi","2010",0.444
824,"Malawi","2011",0.454
825,"Malawi","2012",0.459
826,"Malawi","2013",0.466
827,"Malawi","2014",0.473
828,"Malawi","2015",0.476
829,"Malaysia","1990",0.643
830,"Malaysia","2000",0.725
831,"Malaysia","2010",0.774
832,"Malaysia","2011",0.776
833,"Malaysia","2012",0.779
834,"Malaysia","2013",0.783
835,"Malaysia","2014",0.787
836,"Malaysia","2015",0.789
837,"Maldives","2000",0.587
838,"Maldives","2010",0.663
839,"Maldives","2011",0.675
840,"Maldives","2012",0.683
841,"Maldives","2013",0.693
842,"Maldives","2014",0.701
843,"Maldives","2015",0.701
844,"Mali","1990",0.222
845,"Mali","2000",0.297
846,"Mali","2010",0.404
847,"Mali","2011",0.411
848,"Mali","2012",0.421
849,"Mali","2013",0.43
850,"Mali","2014",0.438
851,"Mali","2015",0.442
852,"Malta","1990",0.736
853,"Malta","2000",0.783
854,"Malta","2010",0.826
855,"Malta","2011",0.821
856,"Malta","2012",0.828
857,"Malta","2013",0.847
858,"Malta","2014",0.853
859,"Malta","2015",0.856
860,"Mauritania","1990",0.378
861,"Mauritania","2000",0.444
862,"Mauritania","2010",0.487
863,"Mauritania","2011",0.491
864,"Mauritania","2012",0.501
865,"Mauritania","2013",0.509
866,"Mauritania","2014",0.513
867,"Mauritania","2015",0.513
868,"Mauritius","1990",0.62
869,"Mauritius","2000",0.673
870,"Mauritius","2010",0.748
871,"Mauritius","2011",0.756
872,"Mauritius","2012",0.765
873,"Mauritius","2013",0.769
874,"Mauritius","2014",0.779
875,"Mauritius","2015",0.781
876,"Mexico","1990",0.648
877,"Mexico","2000",0.7
878,"Mexico","2010",0.745
879,"Mexico","2011",0.748
880,"Mexico","2012",0.753
881,"Mexico","2013",0.754
882,"Mexico","2014",0.758
883,"Mexico","2015",0.762
884,"Micronesia Federated States of","2000",0.604
885,"Micronesia Federated States of","2010",0.638
886,"Micronesia Federated States of","2011",0.64
887,"Micronesia Federated States of","2012",0.641
888,"Micronesia Federated States of","2013",0.639
889,"Micronesia Federated States of","2014",0.637
890,"Micronesia Federated States of","2015",0.638
891,"Moldova Republic of","1990",0.652
892,"Moldova Republic of","2000",0.597
893,"Moldova Republic of","2010",0.672
894,"Moldova Republic of","2011",0.679
895,"Moldova Republic of","2012",0.686
896,"Moldova Republic of","2013",0.696
897,"Moldova Republic of","2014",0.701
898,"Moldova Republic of","2015",0.699
899,"Mongolia","1990",0.579
900,"Mongolia","2000",0.588
901,"Mongolia","2010",0.701
902,"Mongolia","2011",0.712
903,"Mongolia","2012",0.72
904,"Mongolia","2013",0.729
905,"Mongolia","2014",0.733
906,"Mongolia","2015",0.735
907,"Montenegro","2010",0.792
908,"Montenegro","2011",0.797
909,"Montenegro","2012",0.799
910,"Montenegro","2013",0.803
911,"Montenegro","2014",0.804
912,"Montenegro","2015",0.807
913,"Morocco","1990",0.458
914,"Morocco","2000",0.53
915,"Morocco","2010",0.612
916,"Morocco","2011",0.623
917,"Morocco","2012",0.634
918,"Morocco","2013",0.64
919,"Morocco","2014",0.645
920,"Morocco","2015",0.647
921,"Mozambique","1990",0.209
922,"Mozambique","2000",0.298
923,"Mozambique","2010",0.397
924,"Mozambique","2011",0.4
925,"Mozambique","2012",0.405
926,"Mozambique","2013",0.409
927,"Mozambique","2014",0.414
928,"Mozambique","2015",0.418
929,"Myanmar","1990",0.353
930,"Myanmar","2000",0.427
931,"Myanmar","2010",0.526
932,"Myanmar","2011",0.533
933,"Myanmar","2012",0.54
934,"Myanmar","2013",0.547
935,"Myanmar","2014",0.552
936,"Myanmar","2015",0.556
937,"Namibia","1990",0.578
938,"Namibia","2000",0.556
939,"Namibia","2010",0.612
940,"Namibia","2011",0.619
941,"Namibia","2012",0.625
942,"Namibia","2013",0.632
943,"Namibia","2014",0.637
944,"Namibia","2015",0.64
945,"Nepal","1990",0.378
946,"Nepal","2000",0.446
947,"Nepal","2010",0.529
948,"Nepal","2011",0.538
949,"Nepal","2012",0.545
950,"Nepal","2013",0.551
951,"Nepal","2014",0.555
952,"Nepal","2015",0.558
953,"Netherlands","1990",0.83
954,"Netherlands","2000",0.878
955,"Netherlands","2010",0.911
956,"Netherlands","2011",0.921
957,"Netherlands","2012",0.922
958,"Netherlands","2013",0.923
959,"Netherlands","2014",0.923
960,"Netherlands","2015",0.924
961,"New Zealand","1990",0.818
962,"New Zealand","2000",0.868
963,"New Zealand","2010",0.901
964,"New Zealand","2011",0.904
965,"New Zealand","2012",0.908
966,"New Zealand","2013",0.91
967,"New Zealand","2014",0.913
968,"New Zealand","2015",0.915
969,"Nicaragua","1990",0.495
970,"Nicaragua","2000",0.57
971,"Nicaragua","2010",0.62
972,"Nicaragua","2011",0.625
973,"Nicaragua","2012",0.63
974,"Nicaragua","2013",0.636
975,"Nicaragua","2014",0.642
976,"Nicaragua","2015",0.645
977,"Niger","1990",0.212
978,"Niger","2000",0.255
979,"Niger","2010",0.323
980,"Niger","2011",0.331
981,"Niger","2012",0.341
982,"Niger","2013",0.345
983,"Niger","2014",0.351
984,"Niger","2015",0.353
985,"Nigeria","2010",0.5
986,"Nigeria","2011",0.507
987,"Nigeria","2012",0.514
988,"Nigeria","2013",0.521
989,"Nigeria","2014",0.525
990,"Nigeria","2015",0.527
991,"Norway","1990",0.849
992,"Norway","2000",0.917
993,"Norway","2010",0.939
994,"Norway","2011",0.941
995,"Norway","2012",0.942
996,"Norway","2013",0.945
997,"Norway","2014",0.948
998,"Norway","2015",0.949
999,"Oman","2000",0.705
1000,"Oman","2010",0.797
1001,"Oman","2011",0.797
1002,"Oman","2012",0.796
1003,"Oman","2013",0.796
1004,"Oman","2014",0.795
1005,"Oman","2015",0.796
1006,"Organisation for Economic Cooperation and Development","1990",0.785
1007,"Organisation for Economic Cooperation and Development","2000",0.835
1008,"Organisation for Economic Cooperation and Development","2010",0.872
1009,"Organisation for Economic Cooperation and Development","2011",0.876
1010,"Organisation for Economic Cooperation and Development","2012",0.879
1011,"Organisation for Economic Cooperation and Development","2013",0.882
1012,"Organisation for Economic Cooperation and Development","2014",0.885
1013,"Organisation for Economic Cooperation and Development","2015",0.887
1014,"Pakistan","1990",0.404
1015,"Pakistan","2000",0.45
1016,"Pakistan","2010",0.525
1017,"Pakistan","2011",0.529
1018,"Pakistan","2012",0.538
1019,"Pakistan","2013",0.542
1020,"Pakistan","2014",0.548
1021,"Pakistan","2015",0.55
1022,"Palau","2000",0.741
1023,"Palau","2010",0.77
1024,"Palau","2011",0.775
1025,"Palau","2012",0.779
1026,"Palau","2013",0.782
1027,"Palau","2014",0.783
1028,"Palau","2015",0.788
1029,"Palestine State of","2010",0.669
1030,"Palestine State of","2011",0.674
1031,"Palestine State of","2012",0.684
1032,"Palestine State of","2013",0.678
1033,"Palestine State of","2014",0.678
1034,"Palestine State of","2015",0.684
1035,"Panama","1990",0.662
1036,"Panama","2000",0.721
1037,"Panama","2010",0.758
1038,"Panama","2011",0.765
1039,"Panama","2012",0.773
1040,"Panama","2013",0.78
1041,"Panama","2014",0.785
1042,"Panama","2015",0.788
1043,"Papua New Guinea","1990",0.36
1044,"Papua New Guinea","2000",0.422
1045,"Papua New Guinea","2010",0.494
1046,"Papua New Guinea","2011",0.501
1047,"Papua New Guinea","2012",0.506
1048,"Papua New Guinea","2013",0.511
1049,"Papua New Guinea","2014",0.515
1050,"Papua New Guinea","2015",0.516
1051,"Paraguay","1990",0.58
1052,"Paraguay","2000",0.624
1053,"Paraguay","2010",0.675
1054,"Paraguay","2011",0.679
1055,"Paraguay","2012",0.679
1056,"Paraguay","2013",0.688
1057,"Paraguay","2014",0.692
1058,"Paraguay","2015",0.693
1059,"Peru","1990",0.613
1060,"Peru","2000",0.677
1061,"Peru","2010",0.721
1062,"Peru","2011",0.725
1063,"Peru","2012",0.731
1064,"Peru","2013",0.735
1065,"Peru","2014",0.737
1066,"Peru","2015",0.74
1067,"Philippines","1990",0.586
1068,"Philippines","2000",0.622
1069,"Philippines","2010",0.669
1070,"Philippines","2011",0.666
1071,"Philippines","2012",0.671
1072,"Philippines","2013",0.676
1073,"Philippines","2014",0.679
1074,"Philippines","2015",0.682
1075,"Poland","1990",0.712
1076,"Poland","2000",0.784
1077,"Poland","2010",0.829
1078,"Poland","2011",0.834
1079,"Poland","2012",0.838
1080,"Poland","2013",0.85
1081,"Poland","2014",0.852
1082,"Poland","2015",0.855
1083,"Portugal","1990",0.711
1084,"Portugal","2000",0.782
1085,"Portugal","2010",0.818
1086,"Portugal","2011",0.824
1087,"Portugal","2012",0.827
1088,"Portugal","2013",0.837
1089,"Portugal","2014",0.841
1090,"Portugal","2015",0.843
1091,"Qatar","1990",0.754
1092,"Qatar","2000",0.809
1093,"Qatar","2010",0.827
1094,"Qatar","2011",0.837
1095,"Qatar","2012",0.843
1096,"Qatar","2013",0.854
1097,"Qatar","2014",0.855
1098,"Qatar","2015",0.856
1099,"Romania","1990",0.7
1100,"Romania","2000",0.708
1101,"Romania","2010",0.798
1102,"Romania","2011",0.797
1103,"Romania","2012",0.794
1104,"Romania","2013",0.797
1105,"Romania","2014",0.798
1106,"Romania","2015",0.802
1107,"Russian Federation","1990",0.733
1108,"Russian Federation","2000",0.72
1109,"Russian Federation","2010",0.785
1110,"Russian Federation","2011",0.792
1111,"Russian Federation","2012",0.799
1112,"Russian Federation","2013",0.803
1113,"Russian Federation","2014",0.805
1114,"Russian Federation","2015",0.804
1115,"Rwanda","1990",0.244
1116,"Rwanda","2000",0.332
1117,"Rwanda","2010",0.464
1118,"Rwanda","2011",0.475
1119,"Rwanda","2012",0.485
1120,"Rwanda","2013",0.488
1121,"Rwanda","2014",0.493
1122,"Rwanda","2015",0.498
1123,"Saint Kitts and Nevis","2010",0.741
1124,"Saint Kitts and Nevis","2011",0.746
1125,"Saint Kitts and Nevis","2012",0.749
1126,"Saint Kitts and Nevis","2013",0.756
1127,"Saint Kitts and Nevis","2014",0.762
1128,"Saint Kitts and Nevis","2015",0.765
1129,"Saint Lucia","2000",0.684
1130,"Saint Lucia","2010",0.733
1131,"Saint Lucia","2011",0.735
1132,"Saint Lucia","2012",0.734
1133,"Saint Lucia","2013",0.723
1134,"Saint Lucia","2014",0.735
1135,"Saint Lucia","2015",0.735
1136,"Saint Vincent and the Grenadines","2000",0.673
1137,"Saint Vincent and the Grenadines","2010",0.712
1138,"Saint Vincent and the Grenadines","2011",0.713
1139,"Saint Vincent and the Grenadines","2012",0.717
1140,"Saint Vincent and the Grenadines","2013",0.72
1141,"Saint Vincent and the Grenadines","2014",0.72
1142,"Saint Vincent and the Grenadines","2015",0.722
1143,"Samoa","1990",0.598
1144,"Samoa","2000",0.645
1145,"Samoa","2010",0.693
1146,"Samoa","2011",0.698
1147,"Samoa","2012",0.7
1148,"Samoa","2013",0.701
1149,"Samoa","2014",0.702
1150,"Samoa","2015",0.704
1151,"Sao Tome and Principe","1990",0.454
1152,"Sao Tome and Principe","2000",0.497
1153,"Sao Tome and Principe","2010",0.546
1154,"Sao Tome and Principe","2011",0.553
1155,"Sao Tome and Principe","2012",0.559
1156,"Sao Tome and Principe","2013",0.562
1157,"Sao Tome and Principe","2014",0.565
1158,"Sao Tome and Principe","2015",0.574
1159,"Saudi Arabia","1990",0.698
1160,"Saudi Arabia","2000",0.742
1161,"Saudi Arabia","2010",0.803
1162,"Saudi Arabia","2011",0.818
1163,"Saudi Arabia","2012",0.83
1164,"Saudi Arabia","2013",0.841
1165,"Saudi Arabia","2014",0.845
1166,"Saudi Arabia","2015",0.847
1167,"Senegal","1990",0.367
1168,"Senegal","2000",0.381
1169,"Senegal","2010",0.455
1170,"Senegal","2011",0.463
1171,"Senegal","2012",0.474
1172,"Senegal","2013",0.483
1173,"Senegal","2014",0.491
1174,"Senegal","2015",0.494
1175,"Serbia","1990",0.714
1176,"Serbia","2000",0.709
1177,"Serbia","2010",0.757
1178,"Serbia","2011",0.767
1179,"Serbia","2012",0.766
1180,"Serbia","2013",0.771
1181,"Serbia","2014",0.775
1182,"Serbia","2015",0.776
1183,"Seychelles","2000",0.714
1184,"Seychelles","2010",0.744
1185,"Seychelles","2011",0.755
1186,"Seychelles","2012",0.762
1187,"Seychelles","2013",0.766
1188,"Seychelles","2014",0.781
1189,"Seychelles","2015",0.782
1190,"Sierra Leone","1990",0.272
1191,"Sierra Leone","2000",0.302
1192,"Sierra Leone","2010",0.392
1193,"Sierra Leone","2011",0.401
1194,"Sierra Leone","2012",0.413
1195,"Sierra Leone","2013",0.426
1196,"Sierra Leone","2014",0.431
1197,"Sierra Leone","2015",0.42
1198,"Singapore","1990",0.718
1199,"Singapore","2000",0.82
1200,"Singapore","2010",0.911
1201,"Singapore","2011",0.917
1202,"Singapore","2012",0.92
1203,"Singapore","2013",0.922
1204,"Singapore","2014",0.924
1205,"Singapore","2015",0.925
1206,"Slovakia","1990",0.738
1207,"Slovakia","2000",0.763
1208,"Slovakia","2010",0.829
1209,"Slovakia","2011",0.835
1210,"Slovakia","2012",0.838
1211,"Slovakia","2013",0.841
1212,"Slovakia","2014",0.842
1213,"Slovakia","2015",0.845
1214,"Slovenia","1990",0.767
1215,"Slovenia","2000",0.824
1216,"Slovenia","2010",0.876
1217,"Slovenia","2011",0.877
1218,"Slovenia","2012",0.878
1219,"Slovenia","2013",0.888
1220,"Slovenia","2014",0.888
1221,"Slovenia","2015",0.89
1222,"Small island developing states","1990",0.57
1223,"Small island developing states","2000",0.604
1224,"Small island developing states","2010",0.656
1225,"Small island developing states","2011",0.658
1226,"Small island developing states","2012",0.661
1227,"Small island developing states","2013",0.663
1228,"Small island developing states","2014",0.665
1229,"Small island developing states","2015",0.667
1230,"Solomon Islands","2000",0.442
1231,"Solomon Islands","2010",0.497
1232,"Solomon Islands","2011",0.505
1233,"Solomon Islands","2012",0.509
1234,"Solomon Islands","2013",0.512
1235,"Solomon Islands","2014",0.513
1236,"Solomon Islands","2015",0.515
1237,"South Africa","1990",0.621
1238,"South Africa","2000",0.629
1239,"South Africa","2010",0.638
1240,"South Africa","2011",0.644
1241,"South Africa","2012",0.652
1242,"South Africa","2013",0.66
1243,"South Africa","2014",0.665
1244,"South Africa","2015",0.666
1245,"South Asia","1990",0.438
1246,"South Asia","2000",0.502
1247,"South Asia","2010",0.583
1248,"South Asia","2011",0.592
1249,"South Asia","2012",0.601
1250,"South Asia","2013",0.607
1251,"South Asia","2014",0.614
1252,"South Asia","2015",0.621
1253,"South Sudan","2010",0.429
1254,"South Sudan","2011",0.419
1255,"South Sudan","2012",0.417
1256,"South Sudan","2013",0.421
1257,"South Sudan","2014",0.421
1258,"South Sudan","2015",0.418
1259,"Spain","1990",0.755
1260,"Spain","2000",0.825
1261,"Spain","2010",0.867
1262,"Spain","2011",0.871
1263,"Spain","2012",0.874
1264,"Spain","2013",0.877
1265,"Spain","2014",0.882
1266,"Spain","2015",0.884
1267,"Sri Lanka","1990",0.626
1268,"Sri Lanka","2000",0.686
1269,"Sri Lanka","2010",0.746
1270,"Sri Lanka","2011",0.752
1271,"Sri Lanka","2012",0.757
1272,"Sri Lanka","2013",0.76
1273,"Sri Lanka","2014",0.764
1274,"Sri Lanka","2015",0.766
1275,"SubSaharan Africa","1990",0.399
1276,"SubSaharan Africa","2000",0.421
1277,"SubSaharan Africa","2010",0.497
1278,"SubSaharan Africa","2011",0.504
1279,"SubSaharan Africa","2012",0.51
1280,"SubSaharan Africa","2013",0.515
1281,"SubSaharan Africa","2014",0.52
1282,"SubSaharan Africa","2015",0.523
1283,"Sudan","1990",0.331
1284,"Sudan","2000",0.399
1285,"Sudan","2010",0.463
1286,"Sudan","2011",0.468
1287,"Sudan","2012",0.478
1288,"Sudan","2013",0.485
1289,"Sudan","2014",0.488
1290,"Sudan","2015",0.49
1291,"Suriname","2010",0.704
1292,"Suriname","2011",0.708
1293,"Suriname","2012",0.719
1294,"Suriname","2013",0.722
1295,"Suriname","2014",0.723
1296,"Suriname","2015",0.725
1297,"Swaziland","1990",0.548
1298,"Swaziland","2000",0.506
1299,"Swaziland","2010",0.526
1300,"Swaziland","2011",0.534
1301,"Swaziland","2012",0.539
1302,"Swaziland","2013",0.541
1303,"Swaziland","2014",0.541
1304,"Swaziland","2015",0.541
1305,"Sweden","1990",0.815
1306,"Sweden","2000",0.877
1307,"Sweden","2010",0.901
1308,"Sweden","2011",0.903
1309,"Sweden","2012",0.904
1310,"Sweden","2013",0.906
1311,"Sweden","2014",0.909
1312,"Sweden","2015",0.913
1313,"Switzerland","1990",0.831
1314,"Switzerland","2000",0.888
1315,"Switzerland","2010",0.932
1316,"Switzerland","2011",0.932
1317,"Switzerland","2012",0.934
1318,"Switzerland","2013",0.936
1319,"Switzerland","2014",0.938
1320,"Switzerland","2015",0.939
1321,"Syrian Arab Republic","1990",0.556
1322,"Syrian Arab Republic","2000",0.589
1323,"Syrian Arab Republic","2010",0.646
1324,"Syrian Arab Republic","2011",0.645
1325,"Syrian Arab Republic","2012",0.635
1326,"Syrian Arab Republic","2013",0.575
1327,"Syrian Arab Republic","2014",0.553
1328,"Syrian Arab Republic","2015",0.536
1329,"Tajikistan","1990",0.616
1330,"Tajikistan","2000",0.535
1331,"Tajikistan","2010",0.608
1332,"Tajikistan","2011",0.613
1333,"Tajikistan","2012",0.617
1334,"Tajikistan","2013",0.622
1335,"Tajikistan","2014",0.625
1336,"Tajikistan","2015",0.627
1337,"Tanzania United Republic of","1990",0.37
1338,"Tanzania United Republic of","2000",0.391
1339,"Tanzania United Republic of","2010",0.498
1340,"Tanzania United Republic of","2011",0.504
1341,"Tanzania United Republic of","2012",0.513
1342,"Tanzania United Republic of","2013",0.512
1343,"Tanzania United Republic of","2014",0.519
1344,"Tanzania United Republic of","2015",0.531
1345,"Thailand","1990",0.574
1346,"Thailand","2000",0.649
1347,"Thailand","2010",0.72
1348,"Thailand","2011",0.729
1349,"Thailand","2012",0.733
1350,"Thailand","2013",0.737
1351,"Thailand","2014",0.738
1352,"Thailand","2015",0.74
1353,"The former Yugoslav Republic of Macedonia","2010",0.735
1354,"The former Yugoslav Republic of Macedonia","2011",0.739
1355,"The former Yugoslav Republic of Macedonia","2012",0.741
1356,"The former Yugoslav Republic of Macedonia","2013",0.743
1357,"The former Yugoslav Republic of Macedonia","2014",0.746
1358,"The former Yugoslav Republic of Macedonia","2015",0.748
1359,"TimorLeste","2000",0.47
1360,"TimorLeste","2010",0.607
1361,"TimorLeste","2011",0.618
1362,"TimorLeste","2012",0.62
1363,"TimorLeste","2013",0.612
1364,"TimorLeste","2014",0.603
1365,"TimorLeste","2015",0.605
1366,"Togo","1990",0.404
1367,"Togo","2000",0.426
1368,"Togo","2010",0.457
1369,"Togo","2011",0.464
1370,"Togo","2012",0.47
1371,"Togo","2013",0.475
1372,"Togo","2014",0.484
1373,"Togo","2015",0.487
1374,"Tonga","1990",0.648
1375,"Tonga","2000",0.674
1376,"Tonga","2010",0.712
1377,"Tonga","2011",0.717
1378,"Tonga","2012",0.718
1379,"Tonga","2013",0.716
1380,"Tonga","2014",0.718
1381,"Tonga","2015",0.721
1382,"Trinidad and Tobago","1990",0.67
1383,"Trinidad and Tobago","2000",0.715
1384,"Trinidad and Tobago","2010",0.774
1385,"Trinidad and Tobago","2011",0.772
1386,"Trinidad and Tobago","2012",0.773
1387,"Trinidad and Tobago","2013",0.778
1388,"Trinidad and Tobago","2014",0.779
1389,"Trinidad and Tobago","2015",0.78
1390,"Tunisia","1990",0.569
1391,"Tunisia","2000",0.654
1392,"Tunisia","2010",0.714
1393,"Tunisia","2011",0.717
1394,"Tunisia","2012",0.72
1395,"Tunisia","2013",0.722
1396,"Tunisia","2014",0.723
1397,"Tunisia","2015",0.725
1398,"Turkey","1990",0.576
1399,"Turkey","2000",0.653
1400,"Turkey","2010",0.737
1401,"Turkey","2011",0.75
1402,"Turkey","2012",0.754
1403,"Turkey","2013",0.759
1404,"Turkey","2014",0.764
1405,"Turkey","2015",0.767
1406,"Turkmenistan","2010",0.665
1407,"Turkmenistan","2011",0.672
1408,"Turkmenistan","2012",0.678
1409,"Turkmenistan","2013",0.683
1410,"Turkmenistan","2014",0.688
1411,"Turkmenistan","2015",0.691
1412,"Uganda","1990",0.309
1413,"Uganda","2000",0.396
1414,"Uganda","2010",0.477
1415,"Uganda","2011",0.477
1416,"Uganda","2012",0.478
1417,"Uganda","2013",0.483
1418,"Uganda","2014",0.488
1419,"Uganda","2015",0.493
1420,"Ukraine","1990",0.706
1421,"Ukraine","2000",0.673
1422,"Ukraine","2010",0.734
1423,"Ukraine","2011",0.739
1424,"Ukraine","2012",0.744
1425,"Ukraine","2013",0.746
1426,"Ukraine","2014",0.748
1427,"Ukraine","2015",0.743
1428,"United Arab Emirates","1990",0.726
1429,"United Arab Emirates","2000",0.798
1430,"United Arab Emirates","2010",0.824
1431,"United Arab Emirates","2011",0.826
1432,"United Arab Emirates","2012",0.829
1433,"United Arab Emirates","2013",0.832
1434,"United Arab Emirates","2014",0.836
1435,"United Arab Emirates","2015",0.84
1436,"United Kingdom","1990",0.775
1437,"United Kingdom","2000",0.866
1438,"United Kingdom","2010",0.902
1439,"United Kingdom","2011",0.898
1440,"United Kingdom","2012",0.899
1441,"United Kingdom","2013",0.904
1442,"United Kingdom","2014",0.908
1443,"United Kingdom","2015",0.909
1444,"United States","1990",0.86
1445,"United States","2000",0.884
1446,"United States","2010",0.91
1447,"United States","2011",0.913
1448,"United States","2012",0.915
1449,"United States","2013",0.916
1450,"United States","2014",0.918
1451,"United States","2015",0.92
1452,"Uruguay","1990",0.692
1453,"Uruguay","2000",0.742
1454,"Uruguay","2010",0.78
1455,"Uruguay","2011",0.784
1456,"Uruguay","2012",0.788
1457,"Uruguay","2013",0.791
1458,"Uruguay","2014",0.794
1459,"Uruguay","2015",0.795
1460,"Uzbekistan","2000",0.594
1461,"Uzbekistan","2010",0.664
1462,"Uzbekistan","2011",0.673
1463,"Uzbekistan","2012",0.681
1464,"Uzbekistan","2013",0.69
1465,"Uzbekistan","2014",0.697
1466,"Uzbekistan","2015",0.701
1467,"Vanuatu","2010",0.591
1468,"Vanuatu","2011",0.592
1469,"Vanuatu","2012",0.591
1470,"Vanuatu","2013",0.596
1471,"Vanuatu","2014",0.598
1472,"Vanuatu","2015",0.597
1473,"Venezuela Bolivarian Republic of","1990",0.634
1474,"Venezuela Bolivarian Republic of","2000",0.672
1475,"Venezuela Bolivarian Republic of","2010",0.756
1476,"Venezuela Bolivarian Republic of","2011",0.767
1477,"Venezuela Bolivarian Republic of","2012",0.77
1478,"Venezuela Bolivarian Republic of","2013",0.771
1479,"Venezuela Bolivarian Republic of","2014",0.769
1480,"Venezuela Bolivarian Republic of","2015",0.767
1481,"Viet Nam","1990",0.477
1482,"Viet Nam","2000",0.576
1483,"Viet Nam","2010",0.655
1484,"Viet Nam","2011",0.662
1485,"Viet Nam","2012",0.668
1486,"Viet Nam","2013",0.675
1487,"Viet Nam","2014",0.678
1488,"Viet Nam","2015",0.683
1489,"World","1990",0.597
1490,"World","2000",0.641
1491,"World","2010",0.696
1492,"World","2011",0.701
1493,"World","2012",0.706
1494,"World","2013",0.71
1495,"World","2014",0.715
1496,"World","2015",0.717
1497,"Yemen","1990",0.405
1498,"Yemen","2000",0.444
1499,"Yemen","2010",0.493
1500,"Yemen","2011",0.494
1501,"Yemen","2012",0.498
1502,"Yemen","2013",0.5
1503,"Yemen","2014",0.499
1504,"Yemen","2015",0.482
1505,"Zambia","1990",0.398
1506,"Zambia","2000",0.424
1507,"Zambia","2010",0.543
1508,"Zambia","2011",0.554
1509,"Zambia","2012",0.565
1510,"Zambia","2013",0.57
1511,"Zambia","2014",0.576
1512,"Zambia","2015",0.579
1513,"Zimbabwe","1990",0.499
1514,"Zimbabwe","2000",0.427
1515,"Zimbabwe","2010",0.452
1516,"Zimbabwe","2011",0.464
1517,"Zimbabwe","2012",0.488
1518,"Zimbabwe","2013",0.498
1519,"Zimbabwe","2014",0.507
1520,"Zimbabwe","2015",0.516
